StockCode,Year,ROE,Leverage,Growth,ROA
000002,2015,0.192403,0.126601,0.3454,0.0962015
000002,2016,0.196815,0.150056,0.092519,0.0984075
000002,2017,0.227952,0.205488,0.312453,0.113976
000002,2018,0.234175,0.17855,0.324225,0.1170875
000002,2019,0.226117,0.130593,0.118917,0.1130585
000002,2020,0.201254,0.148184,0.075574,0.100627
000002,2021,0.097832,0.113899,-0.357998,0.048916
000002,2022,0.094508,0.12732,-0.013623,0.047254
000002,2023,0.049294,0.121476,-0.456151,0.024647
000004,2015,0.015416,0.251821,-0.561137,0.007708
000004,2016,0.388437,2.755502,4.791955,0.1942185
000004,2017,0.068476,1.505397,-0.851642,0.034238
000004,2018,-0.169897,0.293344,-4.66799,-0.0849485
000004,2019,0.004135,1.727859,0.833246,0.0020675
000004,2020,0.045404,1.748816,18.200448,0.022702
000004,2021,-0.423464,1.082738,-9.204099,-0.211732
000004,2022,-0.915502,0.612713,-0.171808,-0.457751
000004,2023,-0.572888,0.480531,0.731253,-0.286444
000005,2015,-0.060755,0.175043,-2.251779,-0.0303775
000005,2016,0.089385,0.065719,3.164699,0.0446925
000005,2017,0.011753,0.06334,-0.803903,0.0058765
000005,2018,0.105847,0.044174,5.834177,0.0529235
000005,2019,0.111282,0.087492,0.138757,0.055641
000005,2020,-0.268119,0.122687,-3.166942,-0.1340595
000005,2021,0.106371,0.16924,1.361099,0.0531855
000005,2022,-0.120655,0.123735,-2.154084,-0.0603275
000005,2023,-0.179094,0.06921,-0.278529,-0.089547
000006,2015,0.097743,0.417694,-0.143755,0.0488715
000006,2016,0.165687,0.638493,0.832047,0.0828435
000006,2017,0.152396,0.475816,0.020657,0.076198
000006,2018,0.148612,0.671316,0.125103,0.074306
000006,2019,0.123892,0.589301,-0.08673,0.061946
000006,2020,0.122644,0.468795,0.070962,0.061322
000006,2021,0.072177,0.319036,-0.386979,0.0360885
000006,2022,0.053979,0.433284,-0.190515,0.0269895
000006,2023,-0.107927,0.307106,-3.012575,-0.0539635
000007,2015,0.038658,2.035858,1.396579,0.019329
000007,2016,0.210954,0.761584,5.161247,0.105477
000007,2017,0.043448,0.170592,-0.990253,0.021724
000007,2018,-0.679362,0.947665,-247.775516,-0.339681
000007,2019,0.111421,1.88971,1.113298,0.0557105
000007,2020,-0.89776,0.2586,-6.535021,-0.44888
000007,2021,0.482194,0.30671,1.327935,0.241097
000007,2022,-0.055845,1.281192,-1.156843,-0.0279225
000007,2023,0.332621,1.565757,6.797231,0.1663105
000008,2015,0.106726,0.712923,23.452654,0.053363
000008,2016,0.115699,0.568149,1.79366,0.0578495
000008,2017,0.132206,0.29404,0.676796,0.066103
000008,2018,0.045088,0.443264,-0.615686,0.022544
000008,2019,0.058816,0.317163,0.337907,0.029408
000008,2020,-0.127755,0.16977,-2.950018,-0.0638775
000008,2021,-0.237398,0.201898,-0.545773,-0.118699
000008,2022,-0.176695,0.0993,0.385509,-0.0883475
000008,2023,-0.208947,0.069725,0.026893,-0.1044735
000009,2015,0.203624,0.468372,1.044019,0.101812
000009,2016,0.052183,0.197313,-0.547671,0.0260915
000009,2017,0.028125,0.354854,-0.229413,0.0140625
000009,2018,0.041632,0.407398,1.057466,0.020816
000009,2019,0.055737,0.446269,0.070347,0.0278685
000009,2020,0.106249,0.583278,0.500005,0.0531245
000009,2021,0.1388,0.450948,0.647448,0.0694
000009,2022,0.135003,0.505076,0.402976,0.0675015
000009,2023,0.079352,0.640342,-0.31898,0.039676
000010,2015,0.024577,0.561281,1.430799,0.0122885
000010,2016,0.018164,0.256462,0.199964,0.009082
000010,2017,-0.629955,0.223492,-28.288325,-0.3149775
000010,2018,-0.929688,0.033243,0.31621,-0.464844
000010,2019,0.10742,0.0253,1.173607,0.05371
000010,2020,0.084993,0.024489,-0.394625,0.0424965
000010,2021,0.046512,0.008207,-0.485988,0.023256
000010,2022,-0.876286,0.008715,-18.493714,-0.438143
000010,2023,-1.060665,0.009309,0.013458,-0.5303325
000011,2015,0.075139,0.473,-0.624382,0.0375695
000011,2016,0.157353,0.698974,1.262832,0.0786765
000011,2017,0.233664,1.025165,0.755531,0.116832
000011,2018,0.189379,1.397588,-0.04864,0.0946895
000011,2019,0.25218,0.634127,0.063064,0.12609
000011,2020,0.232283,0.88979,-0.014542,0.1161415
000011,2021,0.244452,0.343212,0.349251,0.122226
000011,2022,0.120842,0.202183,-0.474866,0.060421
000011,2023,0.102269,0.265836,-0.149622,0.0511345
000014,2015,0.076702,0.145833,-0.149284,0.038351
000014,2016,0.039409,0.325427,-0.454928,0.0197045
000014,2017,0.010332,0.22267,-0.622563,0.005166
000014,2018,0.179626,0.201058,13.062534,0.089813
000014,2019,0.023745,0.157346,-0.792057,0.0118725
000014,2020,0.0049,0.345559,-0.715711,0.00245
000014,2021,0.038877,0.229444,4.363008,0.0194385
000014,2022,0.237433,0.371208,4.063256,0.1187165
000014,2023,0.369255,0.75196,1.114078,0.1846275
000016,2015,-0.363355,0.156171,-22.079737,-0.1816775
000016,2016,0.033476,0.191779,1.072247,0.016738
000016,2017,0.928267,0.213691,54.186486,0.4641335
000016,2018,0.051095,0.191993,-0.868559,0.0255475
000016,2019,0.02622,0.297996,-0.499062,0.01311
000016,2020,0.057905,0.201323,0.612467,0.0289525
000016,2021,0.103328,0.280105,0.493687,0.051664
000016,2022,-0.175841,0.401664,-3.194324,-0.0879205
000016,2023,-0.325754,0.378179,-0.489858,-0.162877
000017,2015,-0.011691,0.823676,-1.018317,-0.0058455
000017,2016,0.199255,0.652475,37.737703,0.0996275
000017,2017,0.101073,0.51163,-0.594211,0.0505365
000017,2018,-0.105412,0.328618,-2.190827,-0.052706
000017,2019,-0.670868,0.118427,-3.155202,-0.335434
000017,2020,0.420074,0.300875,1.559991,0.210037
000017,2021,-0.200435,0.454613,-1.374695,-0.1002175
000017,2022,-0.050938,0.597687,-3.868601,-0.025469
000017,2023,0.059784,0.913783,3.255673,0.029892
000019,2015,-0.036985,1.667775,-4.041198,-0.0184925
000019,2016,0.098222,3.122951,3.098333,0.049111
000019,2017,-0.054677,2.748581,-1.679489,-0.0273385
000019,2018,0.120455,0.425995,-0.085557,0.0602275
000019,2019,0.084602,0.131095,0.198409,0.042301
000019,2020,0.089859,0.123715,0.050077,0.0449295
000019,2021,0.092941,0.128534,0.080587,0.0464705
000019,2022,0.089552,0.041528,-0.041282,0.044776
000019,2023,0.072559,0.100156,-0.171664,0.0362795
000020,2015,-0.022713,2.312031,-1.87563,-0.0113565
000020,2016,0.017296,0.300906,2.299193,0.008648
000020,2017,0.003043,0.222676,-0.821462,0.0015215
000020,2018,0.010223,0.116388,2.381559,0.0051115
000020,2019,0.016713,0.181979,0.65706,0.0083565
000020,2020,0.020521,0.269266,0.250939,0.0102605
000020,2021,0.021191,0.11034,0.054422,0.0105955
000020,2022,0.02906,0.370411,0.406263,0.01453
000020,2023,0.037036,0.547361,0.317399,0.018518
000021,2015,0.035563,0.847829,0.138026,0.0177815
000021,2016,0.040989,0.551772,0.238461,0.0204945
000021,2017,0.097398,0.654461,1.565003,0.048699
000021,2018,0.087308,0.644062,-0.014852,0.043654
000021,2019,0.053344,0.431342,-0.275449,0.026672
000021,2020,0.118163,0.657437,1.156997,0.0590815
000021,2021,0.088963,0.591119,-0.124883,0.0444815
000021,2022,0.065363,0.663684,-0.174178,0.0326815
000021,2023,0.06058,0.610154,0.196899,0.03029
000023,2015,0.071644,0.155923,0.767774,0.035822
000023,2016,0.025804,0.223682,-0.4057,0.012902
000023,2017,0.076296,0.289419,0.812473,0.038148
000023,2018,0.062381,0.266604,0.224742,0.0311905
000023,2019,0.112258,0.285617,1.122263,0.056129
000023,2020,-0.01695,0.280609,-0.70012,-0.008475
000023,2021,-0.121055,0.200677,-2.170104,-0.0605275
000023,2022,-0.981611,0.184601,-9.838162,-0.4908055
000023,2023,-2.647169,0.136226,0.359001,-1.3235845
000026,2015,0.061894,0.441053,-0.164675,0.030947
000026,2016,0.047387,0.284226,-0.095612,0.0236935
000026,2017,0.057949,0.182403,0.292109,0.0289745
000026,2018,0.072978,0.161381,0.289018,0.036489
000026,2019,0.08265,0.288468,0.174471,0.041325
000026,2020,0.107843,0.292097,0.36225,0.0539215
000026,2021,0.133435,0.205047,0.318705,0.0667175
000026,2022,0.086731,0.336537,-0.312429,0.0433655
000026,2023,0.102988,0.614826,0.249349,0.051494
000027,2015,0.09083,0.349363,-0.119177,0.045415
000027,2016,0.062192,0.266221,-0.316402,0.031096
000027,2017,0.034894,0.145966,-0.399234,0.017447
000027,2018,0.030416,0.175198,-0.152265,0.015208
000027,2019,0.06282,0.09454,1.553286,0.03141
000027,2020,0.117092,0.287909,1.333049,0.058546
000027,2021,0.051122,0.269886,-0.505658,0.025561
000027,2022,0.048055,0.269894,0.042898,0.0240275
000027,2023,0.04404,0.295318,0.125847,0.02202
000028,2015,0.149014,0.214401,0.175425,0.074507
000028,2016,0.170691,0.290049,0.244606,0.0853455
000028,2017,0.118542,0.345554,-0.09755,0.059271
000028,2018,0.115226,0.548163,0.165718,0.057613
000028,2019,0.104098,0.530908,0.1007,0.052049
000028,2020,0.104796,0.296098,0.162913,0.052398
000028,2021,0.092572,0.229061,-0.112505,0.046286
000028,2022,0.09576,0.286117,0.159786,0.04788
000028,2023,0.095362,0.267166,0.105404,0.047681
000029,2015,0.134037,0.742376,0.010102,0.0670185
000029,2016,0.125239,1.12691,0.034632,0.0626195
000029,2017,0.067611,1.006621,-0.40634,0.0338055
000029,2018,0.16346,1.404397,1.70368,0.08173
000029,2019,0.157863,1.829899,0.082456,0.0789315
000029,2020,0.077764,2.128268,-0.46422,0.038882
000029,2021,0.057095,0.554291,-0.24956,0.0285475
000029,2022,0.038708,0.450149,-0.312605,0.019354
000029,2023,-0.065193,0.692738,-3.99287,-0.0325965
000030,2015,0.111968,0.474869,-0.219312,0.055984
000030,2016,0.137285,0.473297,0.288932,0.0686425
000030,2017,0.152231,0.467493,0.210275,0.0761155
000030,2018,0.145354,0.422902,0.066887,0.072677
000030,2019,0.136651,0.308875,0.010952,0.0683255
000030,2020,0.129474,0.303783,0.028565,0.064737
000030,2021,0.114212,0.559371,-0.143223,0.057106
000030,2022,0.067049,0.478057,-0.398132,0.0335245
000030,2023,0.079795,0.311998,0.565393,0.0398975
000031,2015,0.12067,0.352316,0.109009,0.060335
000031,2016,0.121333,0.428386,0.435626,0.0606665
000031,2017,0.15098,0.212362,0.301006,0.07549
000031,2018,0.191671,0.265048,0.15536,0.0958355
000031,2019,0.174427,0.325301,0.036694,0.0872135
000031,2020,-0.020488,0.324243,-0.66747,-0.010244
000031,2021,0.005782,0.240972,-0.31645,0.002891
000031,2022,-0.168383,0.352544,-3.896242,-0.0841915
000031,2023,-0.100215,0.314086,1.054598,-0.0501075
000032,2015,0.048071,1.372816,-0.484077,0.0240355
000032,2016,0.043126,1.568866,-0.074895,0.021563
000032,2017,0.018135,2.282935,-0.714428,0.0090675
000032,2018,0.075403,1.520668,1.022923,0.0377015
000032,2019,0.094477,1.409275,0.411655,0.0472385
000032,2020,0.097686,1.145324,0.197702,0.048843
000032,2021,0.095133,0.269115,0.217257,0.0475665
000032,2022,-0.027575,0.273674,-0.377174,-0.0137875
000032,2023,0.054658,0.276899,0.218421,0.027329
000034,2015,0.121163,0.438339,-0.652467,0.0605815
000034,2016,0.284848,0.089585,17.854053,0.142424
000034,2017,0.241046,0.085402,0.795476,0.120523
000034,2018,0.142504,0.079632,-0.286457,0.071252
000034,2019,0.170793,0.177693,0.359731,0.0853965
000034,2020,0.137583,0.175268,-0.110534,0.0687915
000034,2021,0.044169,0.151309,-0.599789,0.0220845
000034,2022,0.146812,0.156934,2.971856,0.073406
000034,2023,0.145031,0.190285,0.16443,0.0725155
000035,2015,0.131428,0.28936,0.303854,0.065714
000035,2016,0.10822,0.120401,-0.072178,0.05411
000035,2017,0.087462,0.438518,0.062203,0.043731
000035,2018,0.069173,0.127559,-0.011547,0.0345865
000035,2019,0.101552,0.286479,2.461814,0.050776
000035,2020,0.058105,0.224371,0.076602,0.0290525
000035,2021,0.064431,0.686045,0.04773,0.0322155
000035,2022,0.011635,0.232216,-0.8599,0.0058175
000035,2023,0.032212,0.171953,2.160373,0.016106
000036,2015,0.035377,0.720657,2.142356,0.0176885
000036,2016,0.49756,0.549092,13.288796,0.24878
000036,2017,0.344967,0.46598,0.014263,0.1724835
000036,2018,0.21005,1.089095,-0.248651,0.105025
000036,2019,0.167486,1.196981,-0.135873,0.083743
000036,2020,0.111878,1.360428,-0.132549,0.055939
000036,2021,0.082285,1.657795,-0.317495,0.0411425
000036,2022,0.084812,2.044942,0.135943,0.042406
000036,2023,0.015341,2.043856,-0.833707,0.0076705
000037,2015,-0.66573,0.314973,-0.966937,-0.332865
000037,2016,1.013444,0.772295,2.525047,0.506722
000037,2017,0.008153,0.573126,-0.999702,0.0040765
000037,2018,0.009782,0.810659,32.024641,0.004891
000037,2019,0.012511,0.75685,1.063222,0.0062555
000037,2020,0.031558,0.93315,1.643714,0.015779
000037,2021,-0.239479,1.193002,-8.49948,-0.1197395
000037,2022,-0.104327,1.027246,0.635802,-0.0521635
000037,2023,0.002854,1.313416,0.989189,0.001427
000038,2015,0.052606,0.178921,1.146696,0.026303
000038,2016,0.090009,1.903399,28.827057,0.0450045
000038,2017,0.068444,5.422172,0.490283,0.034222
000038,2018,-0.571356,3.46619,-7.564991,-0.285678
000038,2019,0.045422,7.323868,1.048541,0.022711
000038,2020,0.028282,2.881641,-0.358865,0.014141
000038,2021,-0.246699,2.060163,-9.657114,-0.1233495
000039,2015,0.077668,0.097714,-0.251149,0.038834
000039,2016,0.018665,0.136781,-0.687327,0.0093325
000039,2017,0.081275,0.108832,3.297263,0.0406375
000039,2018,0.09688,0.134938,0.288132,0.04844
000039,2019,0.040278,0.137698,-0.38303,0.020139
000039,2020,0.128486,0.20004,1.395008,0.064243
000039,2021,0.149554,0.243266,0.39074,0.074777
000039,2022,0.06869,0.288461,-0.449675,0.034345
000039,2023,0.008733,0.274257,-0.595019,0.0043665
000042,2015,0.090002,0.271618,0.299292,0.045001
000042,2016,0.045309,0.254574,-0.445944,0.0226545
000042,2017,0.100085,0.236025,1.74847,0.0500425
000042,2018,0.065279,0.207767,-0.318523,0.0326395
000042,2019,0.106159,0.162244,0.623233,0.0530795
000042,2020,0.036468,0.235883,-0.762509,0.018234
000042,2021,0.02587,0.193871,-0.591581,0.012935
000042,2022,0.009865,0.053445,-0.862154,0.0049325
000042,2023,-0.26658,0.057483,-233.240556,-0.13329
000045,2015,0.003888,1.332829,1.074805,0.001944
000045,2016,-0.038666,1.908083,-11.27048,-0.019333
000045,2017,0.022282,2.33964,1.844061,0.011141
000045,2018,-0.009634,1.117475,-1.845795,-0.004817
000045,2019,0.007716,0.843463,0.702634,0.003858
000045,2020,0.013567,0.500829,3.347838,0.0067835
000045,2021,0.02191,1.383221,0.726867,0.010955
000045,2022,0.025877,1.63057,0.692113,0.0129385
000045,2023,0.027661,1.46409,0.13726,0.0138305
000049,2015,0.27528,0.240839,-0.015298,0.13764
000049,2016,0.244718,0.132924,0.134998,0.122359
000049,2017,0.234739,0.046198,0.040273,0.1173695
000049,2018,0.254401,0.050161,0.444912,0.1272005
000049,2019,0.254357,0.133327,0.274387,0.1271785
000049,2020,0.266397,0.091528,0.105159,0.1331985
000049,2021,0.253642,0.041708,0.072497,0.126821
000049,2022,0.230449,0.114962,0.073561,0.1152245
000049,2023,0.108255,0.541171,-0.400436,0.0541275
000050,2015,0.051849,1.198602,-0.191224,0.0259245
000050,2016,0.04215,0.825953,0.024487,0.021075
000050,2017,0.05718,0.420655,0.418195,0.02859
000050,2018,0.045729,0.194313,-0.358832,0.0228645
000050,2019,0.031468,0.157739,-0.157046,0.015734
000050,2020,0.048926,0.262692,0.777892,0.024463
000050,2021,0.045074,0.192092,0.046073,0.022537
000050,2022,0.003466,0.425223,4.134523,0.001733
000050,2023,-0.072301,0.401897,-20.725523,-0.0361505
000055,2015,0.083989,0.146199,-0.264043,0.0419945
000055,2016,0.378937,0.327165,8.616463,0.1894685
000055,2017,0.408482,0.373387,0.754671,0.204241
000055,2018,0.532637,0.43268,0.95141,0.2663185
000055,2019,0.067021,0.268262,-0.845621,0.0335105
000055,2020,0.072333,0.344353,0.100979,0.0361665
000055,2021,0.040746,0.32402,-0.417693,0.020373
000055,2022,0.050192,0.282872,0.261712,0.025096
000055,2023,0.046585,0.254468,-0.032135,0.0232925
000056,2015,0.011112,0.255482,1.070627,0.005556
000056,2016,0.022415,1.425516,2.035766,0.0112075
000056,2017,0.034112,0.358421,0.837143,0.017056
000056,2018,0.017006,0.106112,-0.221296,0.008503
000056,2019,0.009362,0.080898,-0.357214,0.004681
000056,2020,-0.057272,0.024533,-5.226979,-0.028636
000056,2021,-0.282359,0.01982,-2.935289,-0.1411795
000056,2022,-0.444204,0.025538,0.045676,-0.222102
000056,2023,-0.728321,0.033098,0.041025,-0.3641605
000058,2015,0.053525,0.307061,0.372352,0.0267625
000058,2016,0.071154,0.239752,0.317329,0.035577
000058,2017,0.126711,0.267858,-0.004056,0.0633555
000058,2018,0.014717,0.592687,-0.923559,0.0073585
000058,2019,0.041647,0.509087,3.381599,0.0208235
000058,2020,0.013626,0.326039,-0.707434,0.006813
000058,2021,0.023844,0.646391,2.274223,0.011922
000058,2022,0.008064,0.561141,-0.594723,0.004032
000058,2023,0.045984,0.568412,1.842474,0.022992
000059,2015,0.037733,0.189745,1.243948,0.0188665
000059,2016,0.184822,0.216296,4.0979,0.092411
000059,2017,0.161678,0.356246,0.050326,0.080839
000059,2018,0.083314,0.898398,-0.4211,0.041657
000059,2019,0.074147,0.786641,-0.135062,0.0370735
000059,2020,0.023908,1.038207,-0.671125,0.011954
000059,2021,0.064271,1.404338,1.716629,0.0321355
000059,2022,0.036839,0.890665,-0.390527,0.0184195
000059,2023,0.004897,1.384113,-0.861799,0.0024485
000060,2015,0.030047,0.209274,-0.526591,0.0150235
000060,2016,0.04302,0.281768,0.311406,0.02151
000060,2017,0.120662,0.405602,2.198359,0.060331
000060,2018,0.090512,0.51572,-0.168236,0.045256
000060,2019,0.080164,0.438208,-0.041987,0.040082
000060,2020,0.086017,0.370472,0.262174,0.0430085
000060,2021,0.09207,0.426694,0.110261,0.046035
000060,2022,0.086573,0.412954,0.011663,0.0432865
000060,2023,0.049,0.39133,-0.158181,0.0245
000062,2015,0.126922,0.728689,-0.207323,0.063461
000062,2016,0.11226,0.428997,0.176857,0.05613
000062,2017,0.100807,0.342893,0.038449,0.0504035
000062,2018,0.154378,0.330578,0.657883,0.077189
000062,2019,0.127726,0.326864,-0.067985,0.063863
000062,2020,0.116551,0.371949,0.003465,0.0582755
000062,2021,0.151046,0.360639,0.448712,0.075523
000062,2022,0.144446,0.439209,0.035506,0.072223
000062,2023,0.06583,0.393695,-0.487498,0.032915
000063,2015,0.117637,0.414338,0.371202,0.0588185
000063,2016,-0.084102,0.352599,-1.376408,-0.042051
000063,2017,0.157393,0.38139,4.825883,0.0786965
000063,2018,-0.256072,0.288292,-2.290178,-0.128036
000063,2019,0.19905,0.385656,1.831254,0.099525
000063,2020,0.118124,0.479331,-0.182627,0.059062
000063,2021,0.143765,0.661801,0.49012,0.0718825
000063,2022,0.14675,0.72504,0.107409,0.073375
000063,2023,0.147269,0.947803,0.186,0.0736345
000065,2015,0.150725,0.751922,0.027313,0.0753625
000065,2016,0.17965,0.450995,0.487623,0.089825
000065,2017,0.14597,0.76981,0.028106,0.072985
000065,2018,0.150503,0.754718,0.137407,0.0752515
000065,2019,0.15398,0.396604,0.197088,0.07699
000065,2020,0.141518,0.678125,0.060274,0.070759
000065,2021,0.105394,0.516583,-0.136569,0.052697
000065,2022,0.091071,0.584413,0.18654,0.0455355
000065,2023,0.1132,0.430697,0.186921,0.0566
000066,2015,-0.013878,0.138756,0.426691,-0.006939
000066,2016,0.012367,0.013203,2.101756,0.0061835
000066,2017,0.12304,0.55926,0.239674,0.06152
000066,2018,0.152863,0.470858,0.517582,0.0764315
000066,2019,0.153409,0.413996,-0.032411,0.0767045
000066,2020,0.107545,0.401568,-0.164066,0.0537725
000066,2021,0.064028,0.340179,-0.299714,0.032014
000066,2022,0.010292,0.499944,-0.668455,0.005146
000066,2023,-0.074178,0.567734,-4.811774,-0.037089
000068,2015,0.019967,2.283171,1.07718,0.0099835
000068,2016,0.016109,1.065913,0.072476,0.0080545
000068,2017,0.0509,0.397414,2.742177,0.02545
000068,2018,-0.225292,0.321735,-5.279137,-0.112646
000068,2019,0.011408,0.391495,1.051609,0.005704
000068,2020,-0.372657,0.588048,-25.839507,-0.1863285
000068,2021,-0.312366,0.193171,0.339354,-0.156183
000068,2022,-1.409903,0.090718,-0.981053,-0.7049515
000068,2023,1.755407,0.283514,3.715262,0.8777035
000069,2015,0.140192,0.347613,-0.062157,0.070096
000069,2016,0.168415,0.217152,0.394332,0.0842075
000069,2017,0.180508,0.283637,0.274592,0.090254
000069,2018,0.190496,0.187783,0.21214,0.095248
000069,2019,0.193176,0.186994,0.272921,0.096588
000069,2020,0.17255,0.262872,0.096258,0.086275
000069,2021,0.047608,0.27895,-0.54516,0.023804
000069,2022,-0.145344,0.229725,-2.78516,-0.072672
000069,2023,-0.099262,0.233559,0.339281,-0.049631
000070,2015,0.070137,0.247484,0.604552,0.0350685
000070,2016,0.118925,0.215725,1.01608,0.0594625
000070,2017,0.142768,0.241295,0.299024,0.071384
000070,2018,0.128256,0.224974,0.05249,0.064128
000070,2019,0.123569,0.213788,0.105552,0.0617845
000070,2020,0.003891,0.505301,-0.83159,0.0019455
000070,2021,-0.250063,0.545277,-11.327275,-0.1250315
000070,2022,0.007035,0.199953,1.089513,0.0035175
000070,2023,-0.147171,0.199447,-5.163272,-0.0735855
000078,2015,0.292834,0.29479,5.199942,0.146417
000078,2016,0.1167,0.289348,-0.037884,0.05835
000078,2017,0.116976,0.141769,0.645458,0.058488
000078,2018,0.072366,0.13369,-0.155308,0.036183
000078,2019,0.039498,0.191595,-0.202647,0.019749
000078,2020,-0.047554,0.168413,-1.080186,-0.023777
000078,2021,0.015947,0.139852,7.245588,0.0079735
000078,2022,-0.195447,0.111759,-4.847445,-0.0977235
000078,2023,-0.439296,0.132529,-0.733858,-0.219648
000089,2015,0.057566,1.057608,0.929545,0.028783
000089,2016,0.053809,1.480818,0.078846,0.0269045
000089,2017,0.060538,1.388446,0.174042,0.030269
000089,2018,0.058579,1.38675,0.010049,0.0292895
000089,2019,0.050102,1.381205,-0.111777,0.025051
000089,2020,0.002341,0.461864,-0.936472,0.0011705
000089,2021,-0.002892,0.843945,-1.522212,-0.001446
000089,2022,-0.101245,0.43942,-55.15843,-0.0506225
000089,2023,0.036396,0.62602,1.360007,0.018198
000090,2015,0.079759,0.482512,-0.069085,0.0398795
000090,2016,0.071723,0.392371,0.137001,0.0358615
000090,2017,0.093779,0.194279,0.340897,0.0468895
000090,2018,0.102591,0.274798,0.296129,0.0512955
000090,2019,0.135199,0.216155,0.591013,0.0675995
000090,2020,0.14466,0.298735,0.206826,0.07233
000090,2021,0.163417,0.227012,0.310897,0.0817085
000090,2022,0.147605,0.214676,0.009743,0.0738025
000090,2023,0.107246,0.235733,-0.236882,0.053623
000096,2015,0.076137,6.812186,2.425442,0.0380685
000096,2016,0.136838,11.790357,0.987314,0.068419
000096,2017,0.064445,10.247807,-0.47788,0.0322225
000096,2018,0.044372,11.766361,-0.279203,0.022186
000096,2019,0.048119,9.801675,0.15464,0.0240595
000096,2020,0.046856,11.038122,0.031595,0.023428
000096,2021,0.023633,15.442834,-0.470235,0.0118165
000096,2022,0.020167,15.460202,-0.167256,0.0100835
000096,2023,0.033337,10.378507,0.554602,0.0166685
000099,2015,0.061879,0.499398,-0.156852,0.0309395
000099,2016,0.030574,0.391147,-0.482926,0.015287
000099,2017,0.031449,0.62766,0.065562,0.0157245
000099,2018,0.049946,0.482998,0.665158,0.024973
000099,2019,0.066625,0.411398,0.326575,0.0333125
000099,2020,0.06472,0.944987,0.01153,0.03236
000099,2021,0.060068,2.690658,0.164816,0.030034
000099,2022,0.040261,2.175278,-0.316726,0.0201305
000099,2023,0.047722,2.14182,0.397905,0.023861
000100,2015,0.121072,0.284225,-0.236896,0.060536
000100,2016,0.068212,0.392238,-0.338225,0.034106
000100,2017,0.101478,0.380073,0.658309,0.050739
000100,2018,0.115144,0.354396,0.146838,0.057572
000100,2019,0.086386,0.433097,-0.100232,0.043193
000100,2020,0.136661,0.305688,0.384793,0.0683305
000100,2021,0.260751,0.482737,1.95328,0.1303755
000100,2022,0.005577,0.549253,-0.880601,0.0027885
000100,2023,0.042759,0.454606,1.673728,0.0213795
000151,2015,0.134291,1.239987,0.191899,0.0671455
000151,2016,0.100875,1.207382,-0.248915,0.0504375
000151,2017,0.088159,1.054124,-0.123402,0.0440795
000151,2018,0.083804,0.663419,-0.056705,0.041902
000151,2019,0.008983,0.437937,-0.895096,0.0044915
000151,2020,-0.366674,0.419984,-34.218978,-0.183337
000151,2021,0.010403,0.518681,1.293555,0.0052015
000151,2022,-0.518982,0.347495,-8.230155,-0.259491
000151,2023,-0.362764,0.599074,-0.058457,-0.181382
000153,2015,0.028624,0.168614,-0.234671,0.014312
000153,2016,0.039798,0.125086,0.334327,0.019899
000153,2017,0.055071,0.176153,0.429586,0.0275355
000153,2018,0.048564,0.189872,-0.071015,0.024282
000153,2019,0.061937,0.172372,0.327833,0.0309685
000153,2020,0.075769,0.133323,0.266561,0.0378845
000153,2021,0.077914,0.13086,0.072212,0.038957
000153,2022,0.089,0.150615,0.280728,0.0445
000153,2023,0.088054,0.158869,0.042109,0.044027
000155,2016,1.214152,25.2966,2.217834,0.607076
000155,2017,0.110667,0.739039,-0.588331,0.0553335
000155,2018,0.095881,0.957507,0.077014,0.0479405
000155,2019,0.063361,1.096837,-0.198313,0.0316805
000155,2020,0.042536,0.694761,-0.108578,0.021268
000155,2021,0.080029,0.864449,0.25865,0.0400145
000155,2022,0.139476,0.862178,0.871733,0.069738
000155,2023,0.125061,0.935902,0.005572,0.0625305
000156,2015,0.093224,3.13089,0.38739,0.046612
000156,2016,0.062223,2.949342,0.127749,0.0311115
000156,2017,0.062614,1.432613,0.067569,0.031307
000156,2018,0.061192,1.545246,0.00467,0.030596
000156,2019,0.05955,1.624642,0.002091,0.029775
000156,2020,0.068747,0.848831,0.011422,0.0343735
000156,2021,0.065547,0.906176,-0.026224,0.0327735
000156,2022,0.055281,0.612959,-0.128986,0.0276405
000156,2023,0.046918,0.614074,-0.128255,0.023459
000157,2015,0.002067,0.448448,-0.854816,0.0010335
000157,2016,-0.024331,0.304607,-10.925779,-0.0121655
000157,2017,0.035808,0.337388,2.379278,0.017904
000157,2018,0.053309,0.601973,0.567835,0.0266545
000157,2019,0.113449,0.19004,1.184937,0.0567245
000157,2020,0.170095,0.2659,0.720477,0.0850475
000157,2021,0.121024,0.434339,-0.131772,0.060512
000157,2022,0.041324,0.403154,-0.626585,0.020662
000157,2023,0.063087,0.352778,0.581339,0.0315435
000158,2015,0.063112,0.217926,9.250712,0.031556
000158,2016,0.062661,0.352132,0.395114,0.0313305
000158,2017,0.060455,0.262357,0.023179,0.0302275
000158,2018,0.030758,0.314156,-0.484743,0.015379
000158,2019,0.016854,0.257659,-0.479549,0.008427
000158,2020,0.016986,0.37409,0.124992,0.008493
000158,2021,0.021529,0.272755,0.211166,0.0107645
000158,2022,-0.03433,0.281666,-2.792336,-0.017165
000158,2023,-0.016301,0.352176,0.452021,-0.0081505
000159,2015,0.02588,0.515392,-0.54688,0.01294
000159,2016,0.01618,0.335875,-0.402984,0.00809
000159,2017,-0.031039,0.349666,-2.983297,-0.0155195
000159,2018,0.02831,1.04801,1.700585,0.014155
000159,2019,0.013993,0.288797,-0.477041,0.0069965
000159,2020,0.040252,0.156569,2.261558,0.020126
000159,2021,0.012482,0.087861,-0.702478,0.006241
000159,2022,0.125494,0.359472,11.433253,0.062747
000159,2023,0.032538,0.292485,-0.743183,0.016269
000333,2015,0.286599,0.164741,0.169867,0.1432995
000333,2016,0.266193,0.192816,0.164207,0.1330965
000333,2017,0.256312,0.405353,0.173326,0.128156
000333,2018,0.25803,0.214145,0.163301,0.129015
000333,2019,0.26211,0.491391,0.167513,0.131055
000333,2020,0.248401,0.441001,0.088198,0.1242005
000333,2021,0.235771,0.348908,0.054854,0.1178855
000333,2022,0.220711,0.283775,0.027394,0.1103555
000333,2023,0.220526,0.332202,0.132006,0.110263
000338,2015,0.043322,0.617042,-0.621791,0.021661
000338,2016,0.076927,0.459864,0.636063,0.0384635
000338,2017,0.203301,0.436094,1.552202,0.1016505
000338,2018,0.232251,0.477619,0.266645,0.1161255
000338,2019,0.215406,0.46108,0.024194,0.107703
000338,2020,0.190967,0.502909,-0.053092,0.0954835
000338,2021,0.151577,0.705746,0.02354,0.0757885
000338,2022,0.068082,0.690695,-0.533595,0.034041
000338,2023,0.1182,0.71319,0.972941,0.0591
000400,2015,0.120511,0.187987,-0.374946,0.0602555
000400,2016,0.130192,0.298708,0.167057,0.065096
000400,2017,0.083884,0.187372,-0.275067,0.041942
000400,2018,0.026047,0.157292,-0.598542,0.0130235
000400,2019,0.05367,0.213157,0.806514,0.026835
000400,2020,0.085235,0.256565,0.490164,0.0426175
000400,2021,0.08009,0.428239,0.067901,0.040045
000400,2022,0.077864,0.468623,0.131058,0.038932
000400,2023,0.096739,0.508869,0.191496,0.0483695
000401,2015,-0.15697,0.097033,-6.749531,-0.078485
000401,2016,0.005276,0.154072,0.989,0.002638
000401,2017,0.011003,0.163863,6.543977,0.0055015
000401,2018,0.120306,0.293432,1.724164,0.060153
000401,2019,0.180456,0.266815,0.514702,0.090228
000401,2020,0.172403,0.428409,0.056895,0.0862015
000401,2021,0.113499,0.553835,-0.193271,0.0567495
000401,2022,0.043442,0.471037,-0.663573,0.021721
000401,2023,-0.050437,0.400208,-2.242781,-0.0252185
000403,2015,0.168004,0.077363,-0.374931,0.084002
000403,2016,0.102191,0.319469,-0.336915,0.0510955
000403,2017,0.068024,0.208292,-0.218616,0.034012
000403,2018,0.132237,0.231759,3.91581,0.0661185
000403,2019,0.223162,0.25211,1.106192,0.111581
000403,2020,0.210661,0.160483,0.157415,0.1053305
000403,2021,0.107273,1.743578,1.143269,0.0536365
000403,2022,0.089005,1.483602,0.500971,0.0445025
000403,2023,0.085633,2.008998,0.040467,0.0428165
000404,2015,0.101445,0.240838,0.145207,0.0507225
000404,2016,0.107692,0.424698,0.193446,0.053846
000404,2017,0.034719,0.306134,-0.464082,0.0173595
000404,2018,0.022734,0.488539,-0.227784,0.011367
000404,2019,0.009552,0.519424,-0.38936,0.004776
000404,2020,0.035535,0.423841,0.816723,0.0177675
000404,2021,0.054929,0.64964,0.594354,0.0274645
000404,2022,0.07477,0.581119,0.44116,0.037385
000404,2023,0.097647,0.558,0.272638,0.0488235
000407,2015,0.016142,0.413735,-0.21745,0.008071
000407,2016,-0.149567,0.410378,-8.842261,-0.0747835
000407,2017,0.029032,0.299249,1.377326,0.014516
000407,2018,0.046121,0.334378,0.482359,0.0230605
000407,2019,0.056856,0.245742,0.121302,0.028428
000407,2020,0.058329,0.279553,0.057279,0.0291645
000407,2021,0.043397,0.253636,-0.494866,0.0216985
000407,2022,0.056814,0.273478,0.671968,0.028407
000407,2023,0.054672,0.254997,0.16779,0.027336
000408,2015,-0.562211,0.003116,-0.093112,-0.2811055
000408,2016,0.302215,1.600326,-0.082352,0.1511075
000408,2017,0.194411,0.722386,0.323855,0.0972055
000408,2018,0.121713,0.032914,-0.301391,0.0608565
000408,2019,0.047091,0.048372,-0.577124,0.0235455
000408,2020,0.02893,0.62869,-0.257484,0.014465
000408,2021,0.164337,0.742555,5.235989,0.0821685
000408,2022,0.524145,2.05756,2.961826,0.2620725
000408,2023,0.271619,1.76686,-0.396574,0.1358095
000409,2015,0.090065,0.093745,5.184107,0.0450325
000409,2016,-0.187393,0.087098,-2.554816,-0.0936965
000409,2017,-0.272881,0.107425,-0.414172,-0.1364405
000409,2018,0.0365,0.089872,1.469512,0.01825
000409,2019,-0.599688,0.274029,-7.846048,-0.299844
000409,2020,0.143634,0.472043,1.115276,0.071817
000409,2021,0.035065,0.241251,-0.648996,0.0175325
000409,2022,0.026517,0.999686,0.752503,0.0132585
000409,2023,0.043503,0.993515,0.855918,0.0217515
000410,2015,-0.267804,0.17828,-29.975058,-0.133902
000410,2016,-1.032568,0.140654,-1.246445,-0.516284
000410,2017,0.154597,0.308919,1.075379,0.0772985
000410,2018,-1.691298,0.194929,-8.974779,-0.845649
000410,2019,-5.083259,0.522165,-2.60678,-2.5416295
000410,2020,-0.981719,0.183982,0.764429,-0.4908595
000410,2022,0.100328,0.33844,1.011481,0.050164
000410,2023,0.033819,0.246384,1.702225,0.0169095
000411,2015,0.107236,0.141725,0.199014,0.053618
000411,2016,0.121239,0.152853,0.246756,0.0606195
000411,2017,0.104226,0.230163,-0.002229,0.052113
000411,2018,0.105826,0.240769,0.169305,0.052913
000411,2019,0.123472,0.209348,0.508376,0.061736
000411,2020,0.098672,0.244413,0.015218,0.049336
000411,2021,0.094384,0.246222,0.155544,0.047192
000411,2022,0.106659,0.100341,0.167608,0.0533295
000411,2023,0.154243,0.192641,0.27163,0.0771215
000415,2015,0.07036,0.857024,0.517198,0.03518
000415,2016,0.077921,0.400318,0.588833,0.0389605
000415,2017,0.083789,0.400695,0.110839,0.0418945
000415,2018,0.067661,0.205398,-0.15584,0.0338305
000415,2019,0.050304,0.298482,0.247223,0.025152
000415,2020,-0.237336,0.505676,-3.586717,-0.118668
000415,2021,-0.046703,0.217748,0.868658,-0.0233515
000415,2022,-0.074508,0.191465,-1.099683,-0.037254
000415,2023,0.044698,0.145968,1.767438,0.022349
000416,2015,0.024459,0.274356,-0.768284,0.0122295
000416,2016,0.019046,6.568038,-0.196414,0.009523
000416,2017,0.031048,2.004657,0.597614,0.015524
000416,2018,0.022868,3.655535,-0.238327,0.011434
000416,2019,0.032353,2.303777,0.368114,0.0161765
000416,2020,0.03927,0.981929,0.212505,0.019635
000416,2021,0.015146,9.828268,-0.583899,0.007573
000416,2022,-0.032616,9.98194,-2.871379,-0.016308
000416,2023,-0.163877,1.803902,-3.399438,-0.0819385
000417,2015,0.079124,0.653087,-0.254669,0.039562
000417,2016,0.081596,0.673456,0.09036,0.040798
000417,2017,0.058935,0.653962,-0.182486,0.0294675
000417,2018,0.06041,0.553827,0.060363,0.030205
000417,2019,0.041264,0.447066,-0.212441,0.020632
000417,2020,0.034228,0.539334,-0.234112,0.017114
000417,2021,0.044018,0.525895,0.304344,0.022009
000417,2022,0.039567,0.551371,-0.077054,0.0197835
000417,2023,0.059388,0.407324,0.452821,0.029694
000419,2015,0.055266,0.5818,-0.196449,0.027633
000419,2016,0.053955,0.593948,0.050872,0.0269775
000419,2017,0.064692,0.568402,0.267043,0.032346
000419,2018,0.059256,0.672567,0.141054,0.029628
000419,2019,0.061436,0.57472,0.188429,0.030718
000419,2020,0.059542,0.780649,0.033177,0.029771
000419,2021,0.04472,0.906528,-0.222358,0.02236
000419,2022,0.048021,0.845842,0.029837,0.0240105
000419,2023,0.041603,0.921335,-0.082548,0.0208015
000420,2015,0.014676,0.113434,1.386337,0.007338
000420,2016,0.017698,0.481744,8.241511,0.008849
000420,2017,0.031193,0.117868,2.690811,0.0155965
000420,2018,0.046411,0.14417,0.648069,0.0232055
000420,2019,0.030665,0.20514,-0.290041,0.0153325
000420,2020,-0.076339,0.177772,-3.320441,-0.0381695
000420,2021,-0.042616,0.142498,0.427002,-0.021308
000420,2022,-0.025077,0.176436,0.349242,-0.0125385
000420,2023,0.007405,0.141296,1.372172,0.0037025
000421,2015,0.133226,0.269225,0.084597,0.066613
000421,2016,0.082238,0.197277,-0.198185,0.041119
000421,2017,0.060984,0.363415,-0.137538,0.030492
000421,2018,0.056942,0.233716,-0.033112,0.028471
000421,2019,0.03926,0.106265,-0.243216,0.01963
000421,2020,0.083404,0.27649,2.245658,0.041702
000421,2021,0.034863,0.246399,-0.716649,0.0174315
000421,2022,0.021129,0.178096,-0.481455,0.0105645
000421,2023,-0.032307,0.182681,-2.190822,-0.0161535
000422,2015,0.005517,0.219003,-0.312519,0.0027585
000422,2016,-0.199608,0.243716,-26.920202,-0.099804
000422,2017,-1.580127,0.153523,-2.656541,-0.7900635
000422,2018,0.313493,0.159604,1.060995,0.1567465
000422,2019,0.262466,0.188475,-0.661882,0.131233
000422,2020,0.469563,0.272045,1.016658,0.2347815
000422,2021,1.147809,0.324618,8.71263,0.5739045
000422,2022,0.611055,0.45411,0.312726,0.3055275
000422,2023,0.080553,0.317021,-0.704878,0.0402765
000423,2015,0.251236,1.139897,0.193501,0.125618
000423,2016,0.241004,0.949103,0.132693,0.120502
000423,2017,0.224611,0.706671,0.101801,0.1123055
000423,2018,0.197184,0.866184,0.020847,0.098592
000423,2019,-0.041727,1.221108,-1.213449,-0.0208635
000423,2020,0.004393,1.394153,1.089785,0.0021965
000423,2021,0.044705,3.987802,9.71333,0.0223525
000423,2022,0.076838,3.442051,0.775346,0.038419
000423,2023,0.109356,3.463893,0.478201,0.054678
000425,2015,0.002486,0.259656,-1.154038,0.001243
000425,2016,0.010163,0.252774,5.121083,0.0050815
000425,2017,0.045895,0.332004,3.749803,0.0229475
000425,2018,0.075556,0.41824,0.998179,0.037778
000425,2019,0.114355,0.42753,0.773344,0.0571775
000425,2020,0.111507,0.334852,0.027516,0.0557535
000425,2021,0.160106,0.368163,0.507661,0.080053
000425,2022,0.096036,0.357124,-0.480288,0.048018
000425,2023,0.097377,0.271058,0.217222,0.0486885
000426,2015,-0.009116,0.108068,-1.157334,-0.004558
000426,2016,0.023659,0.597936,4.085961,0.0118295
000426,2017,0.110253,0.28993,5.205643,0.0551265
000426,2018,-0.032485,0.035918,-1.308261,-0.0162425
000426,2019,0.019488,0.077498,1.598931,0.009744
000426,2020,-0.034955,0.060873,-2.799062,-0.0174775
000426,2021,0.046877,0.057863,2.340489,0.0234385
000426,2022,0.031863,0.088302,-0.294502,0.0159315
000426,2023,0.161195,0.114964,4.482515,0.0805975
000428,2015,0.005423,0.175588,0.635367,0.0027115
000428,2016,-0.094745,0.107088,-11.511495,-0.0473725
000428,2017,0.036865,0.174694,0.838523,0.0184325
000428,2018,-0.172336,0.113987,-8.877435,-0.086168
000428,2019,0.01964,0.045888,1.002941,0.00982
000428,2020,-0.220022,0.025701,-291.155107,-0.110011
000428,2021,0.040145,0.054605,1.011894,0.0200725
000428,2022,-0.158518,0.055634,-54.320499,-0.079259
000428,2023,-0.071937,0.056363,0.5541,-0.0359685
000429,2015,0.091807,0.570681,0.503221,0.0459035
000429,2016,0.148345,1.684247,0.354156,0.0741725
000429,2017,0.174436,1.145784,0.45879,0.087218
000429,2018,0.180231,0.702816,0.112919,0.0901155
000429,2019,0.129688,1.541891,-0.238399,0.064844
000429,2020,0.097749,1.096986,-0.365828,0.0488745
000429,2021,0.201046,2.541315,0.778666,0.100523
000429,2022,0.141438,2.799241,-0.260508,0.070719
000429,2023,0.172676,3.070018,0.261157,0.086338
000430,2015,0.207956,0.594773,0.904276,0.103978
000430,2016,0.095814,0.101999,-0.471372,0.047907
000430,2017,0.060607,0.309116,0.092366,0.0303035
000430,2018,0.016858,0.39659,-0.621565,0.008429
000430,2019,0.006949,0.440963,-0.545392,0.0034745
000430,2020,-0.059209,0.131481,-9.117022,-0.0296045
000430,2021,-0.093894,0.027441,-0.466142,-0.046947
000430,2022,-0.21008,0.057391,-0.92373,-0.10504
000430,2023,-0.242127,0.150853,0.078683,-0.1210635
000488,2015,0.066337,0.184733,1.157318,0.0331685
000488,2016,0.105601,0.216447,1.068249,0.0528005
000488,2017,0.150781,0.252294,0.858475,0.0753905
000488,2018,0.09502,0.314139,-0.3177,0.04751
000488,2019,0.065974,0.366356,-0.316383,0.032987
000488,2020,0.069247,0.347911,0.087216,0.0346235
000488,2021,0.095258,0.281601,0.096249,0.047629
000488,2022,0.009917,0.271204,-0.848129,0.0049585
000488,2023,-0.071627,0.244509,-5.180209,-0.0358135
000498,2015,0.13253,0.102309,0.211006,0.066265
000498,2016,0.132147,0.23142,0.141035,0.0660735
000498,2017,0.154,0.177572,0.340873,0.077
000498,2018,0.147224,0.239658,0.171719,0.073612
000498,2019,0.117915,0.186249,0.196407,0.0589575
000498,2020,0.189112,0.210581,0.841435,0.094556
000498,2021,0.19259,0.131717,0.864467,0.096295
000498,2022,0.171347,0.098476,0.1534,0.0856735
000498,2023,0.115393,0.092101,-0.107926,0.0576965
000501,2015,0.208006,0.176184,0.24877,0.104003
000501,2016,0.194758,0.22767,0.240126,0.097379
000501,2017,0.187633,0.218376,0.250021,0.0938165
000501,2018,0.136118,0.251737,-0.154183,0.068059
000501,2019,0.137959,0.158752,0.16673,0.0689795
000501,2020,0.056363,0.187337,-0.553122,0.0281815
000501,2021,0.073076,0.186425,0.374472,0.036538
000501,2022,0.028358,0.169094,-0.595035,0.014179
000501,2023,0.019138,0.223453,-0.30724,0.009569
000502,2015,-0.12332,0.593214,-7.432626,-0.06166
000502,2016,0.163649,0.934996,2.74198,0.0818245
000502,2017,-0.487875,0.373964,-3.010647,-0.2439375
000502,2018,0.461647,1.193459,1.90018,0.2308235
000502,2019,-0.044718,1.972263,-1.129079,-0.022359
000502,2020,-0.098035,1.523795,-0.910924,-0.0490175
000502,2021,-0.120824,0.482379,-0.187822,-0.060412
000502,2022,-0.179321,0.930767,-0.415624,-0.0896605
000502,2023,-0.139703,0.995194,0.460676,-0.0698515
000503,2015,0.017168,8.088033,-0.501288,0.008584
000503,2016,0.020026,11.781598,0.358634,0.010013
000503,2017,0.011797,11.417023,-1.022875,0.0058985
000503,2018,-0.143424,11.787806,-628.625309,-0.071712
000503,2019,0.014306,9.16098,1.082101,0.007153
000503,2020,-0.222131,1.493314,-16.706195,-0.1110655
000503,2021,-0.201312,1.877422,0.272127,-0.100656
000503,2022,-0.112856,1.518237,0.523129,-0.056428
000503,2023,-0.074865,2.608301,0.047429,-0.0374325
000504,2017,-2.481632,0.661063,-2.254411,-1.240816
000504,2018,-4.889838,0.265473,-0.049678,-2.444919
000504,2019,4.607378,0.46383,1.48014,2.303689
000504,2020,0.362565,0.160278,-0.198904,0.1812825
000504,2021,-0.885278,0.290181,-3.261701,-0.442639
000504,2022,-0.834864,0.482989,0.100892,-0.417432
000504,2023,-0.208137,1.095343,-0.58793,-0.1040685
000505,2017,0.119647,0.305626,-0.334071,0.0598235
000505,2018,0.076801,0.483399,0.011643,0.0384005
000505,2019,0.057002,0.264044,-0.153879,0.028501
000505,2020,0.072254,0.136545,0.227198,0.036127
000505,2021,0.072679,0.215087,0.091273,0.0363395
000505,2022,0.047315,0.282505,-0.313427,0.0236575
000505,2023,0.032861,0.758738,-0.370155,0.0164305
600004,2015,0.138754,0.563895,0.11904,0.069377
600004,2016,0.137068,0.379588,0.076267,0.068534
600004,2017,0.123834,0.527136,0.150367,0.061917
600004,2018,0.073749,0.233683,-0.274359,0.0368745
600004,2019,0.062678,0.174924,-0.090639,0.031339
600004,2020,-0.014079,0.3739,-1.20513,-0.0070395
600004,2021,-0.021602,0.259414,-0.661735,-0.010801
600004,2022,-0.060343,0.322005,-1.832829,-0.0301715
600004,2023,0.025409,0.428106,1.440564,0.0127045
600006,2015,0.055184,0.35381,0.625198,0.027592
600006,2016,0.033939,0.270116,-0.754936,0.0169695
600006,2017,0.030395,0.328854,-2.231544,0.0151975
600006,2018,0.08002,0.218979,7.34981,0.04001
600006,2019,0.060809,0.341795,-0.246555,0.0304045
600006,2020,0.072717,0.491162,0.33687,0.0363585
600006,2021,0.046945,0.614916,-0.308728,0.0234725
600006,2022,0.035158,0.800132,-0.228576,0.017579
600006,2023,0.024239,0.690396,-0.311697,0.0121195
600007,2015,0.115432,0.2826,0.169733,0.057716
600007,2016,0.116478,0.164865,0.093355,0.058239
600007,2017,0.100744,0.38327,-0.074701,0.050372
600007,2018,0.115729,0.272681,0.220064,0.0578645
600007,2019,0.134218,0.773846,0.254822,0.067109
600007,2020,0.105936,1.297569,-0.151017,0.052968
600007,2021,0.123,1.550808,0.240246,0.0615
600007,2022,0.125524,2.23702,0.090032,0.062762
600007,2023,0.133633,1.99024,0.128263,0.0668165
600008,2015,0.072549,0.34115,-0.200729,0.0362745
600008,2016,0.066859,0.297809,-0.078715,0.0334295
600008,2017,0.055093,0.222945,0.086615,0.0275465
600008,2018,0.04789,0.35499,0.161606,0.023945
600008,2019,0.049291,0.206397,0.338263,0.0246455
600008,2020,0.06222,0.28648,0.467613,0.03111
600008,2021,0.085774,0.274381,0.624302,0.042887
600008,2022,0.11527,0.210088,0.627796,0.057635
600008,2023,0.056931,0.186029,-0.523184,0.0284655
600009,2015,0.130546,4.269722,0.19289,0.065273
600009,2016,0.13167,2.308437,0.104852,0.065835
600009,2017,0.155323,4.258391,0.300643,0.0776615
600009,2018,0.158545,3.833223,0.14884,0.0792725
600009,2019,0.166977,2.197227,0.187185,0.0834885
600009,2020,-0.04138,2.114869,-1.222128,-0.02069
600009,2021,-0.060329,1.247701,-0.388266,-0.0301645
600009,2022,-0.089252,1.571734,-1.079867,-0.044626
600009,2023,0.023308,1.556369,1.426204,0.011654
600010,2015,-0.100112,0.12232,-3.833047,-0.050056
600010,2016,0.001803,0.072734,1.02578,0.0009015
600010,2017,0.042689,0.131255,23.090349,0.0213445
600010,2018,0.065297,0.14696,0.623461,0.0326485
600010,2019,0.012701,0.172985,-0.731475,0.0063505
600010,2020,0.007696,0.151928,-0.259944,0.003848
600010,2021,0.053053,0.167783,3.787299,0.0265265
600010,2022,-0.013556,0.164549,-1.456168,-0.006778
600010,2023,0.009885,0.132344,1.020547,0.0049425
600011,2015,0.185537,0.062546,0.142592,0.0927685
600011,2016,0.109542,0.060537,-0.385389,0.054771
600011,2017,0.022835,0.06005,-0.838296,0.0114175
600011,2018,0.018126,0.114559,0.207907,0.009063
600011,2019,0.018554,0.093956,-0.012251,0.009277
600011,2020,0.041451,0.090047,1.559832,0.0207255
600011,2021,-0.090453,0.087717,-3.221958,-0.0452265
600011,2022,-0.069106,0.100247,0.187775,-0.034553
600011,2023,0.070183,0.102743,1.900602,0.0350915
600012,2015,0.119333,0.847265,0.11502,0.0596665
600012,2016,0.111132,2.125257,-0.060384,0.055566
600012,2017,0.12087,1.506349,0.194254,0.060435
600012,2018,0.115485,1.755793,0.010148,0.0577425
600012,2019,0.105493,1.004872,-0.034138,0.0527465
600012,2020,0.083443,1.078817,-0.182452,0.0417215
600012,2021,0.133608,1.543934,0.892087,0.066804
600012,2022,0.123962,3.433099,-0.084974,0.061981
600012,2023,0.135054,2.702808,0.186963,0.067527
600017,2015,0.030719,0.227929,-0.484273,0.0153595
600017,2016,0.017262,0.182512,-0.3858,0.008631
600017,2017,0.035243,0.185966,0.958989,0.0176215
600017,2018,0.058893,0.197338,0.643993,0.0294465
600017,2019,0.054777,0.187679,-0.028254,0.0273885
600017,2020,0.052699,0.162044,0.026847,0.0263495
600017,2021,0.057691,0.142363,0.118118,0.0288455
600017,2022,0.047327,0.148468,-0.10853,0.0236635
600017,2023,0.047677,0.147643,-0.069444,0.0238385
600018,2015,0.114958,0.623205,0.002227,0.057479
600018,2016,0.115332,0.360796,0.028305,0.057666
600018,2017,0.177196,0.532203,0.588349,0.088598
600018,2018,0.141647,0.923627,-0.106986,0.0708235
600018,2019,0.115,1.042117,-0.134778,0.0575
600018,2020,0.097976,0.929337,-0.074799,0.048988
600018,2021,0.156769,0.977444,0.685728,0.0783845
600018,2022,0.162399,1.037884,0.15693,0.0811995
600018,2023,0.112127,1.564327,-0.217884,0.0560635
600019,2015,0.008922,0.085096,-0.88276,0.004461
600019,2016,0.076606,0.087387,13.258437,0.038303
600019,2017,0.1342,0.109416,1.184714,0.0671
600019,2018,0.12641,0.142414,0.14091,0.063205
600019,2019,0.070026,0.101359,-0.415516,0.035013
600019,2020,0.069955,0.130833,0.008162,0.0349775
600019,2021,0.125935,0.171501,0.882485,0.0629675
600019,2022,0.063217,0.186994,-0.469707,0.0316085
600019,2023,0.060484,0.22792,-0.020529,0.030242
600020,2015,0.115392,0.265594,0.242903,0.057696
600020,2016,0.061402,0.127069,-0.348821,0.030701
600020,2017,0.09191,0.159413,0.586627,0.045955
600020,2018,0.065524,0.236776,-0.311499,0.032762
600020,2019,0.12569,0.096479,0.82659,0.062845
600020,2020,0.020204,0.081554,-0.832774,0.010102
600020,2021,0.06137,0.171896,2.028381,0.030685
600020,2022,0.011265,0.100648,-0.812248,0.0056325
600020,2023,0.060566,0.06238,4.951,0.030283
600021,2015,0.133134,0.334076,0.142102,0.066567
600021,2016,0.089206,0.19547,-0.258421,0.044603
600021,2017,0.080563,0.139322,-0.218346,0.0402815
600021,2018,0.193301,0.111358,1.259897,0.0966505
600021,2019,0.055056,0.144092,-0.406224,0.027528
600021,2020,0.045991,0.132378,-0.052789,0.0229955
600021,2021,-0.101671,0.10958,-1.879135,-0.0508355
600021,2022,0.016485,0.174333,2.032132,0.0082425
600021,2023,0.064922,0.141586,1.221975,0.032461
600022,2015,0.005378,0.446045,1.06366,0.002689
600022,2016,-0.036753,0.34077,-6.309779,-0.0183765
600022,2017,0.112851,0.324169,4.644314,0.0564255
600022,2018,0.110149,0.301728,0.192743,0.0550745
600022,2019,0.028306,0.205343,-0.61274,0.014153
600022,2020,0.03451,0.224931,0.744153,0.017255
600022,2021,0.057045,0.28764,0.874885,0.0285225
600022,2022,0.025369,0.273573,-0.521391,0.0126845
600022,2023,-0.018599,0.214843,-1.049869,-0.0092995
600023,2015,0.140809,0.767027,0.1876,0.0704045
600023,2016,0.110225,1.014909,-0.143798,0.0551125
600023,2017,0.072815,0.700308,-0.334227,0.0364075
600023,2018,0.066174,0.718032,-0.087775,0.033087
600023,2019,0.068494,1.152216,0.133775,0.034247
600023,2020,0.092206,1.111935,0.359933,0.046103
600023,2021,-0.012979,0.48268,-1.299772,-0.0064895
600023,2022,-0.029109,0.494342,-0.817678,-0.0145545
600023,2023,0.101326,0.604036,3.193014,0.050663
600025,2017,0.059909,0.043586,2.235825,0.0299545
600025,2018,0.138695,0.034625,1.551885,0.0693475
600025,2019,0.111719,0.083929,-0.018813,0.0558595
600025,2020,0.082914,0.070571,-0.11004,0.041457
600025,2021,0.092675,0.066729,0.188788,0.0463375
600025,2022,0.102966,0.086809,0.158496,0.051483
600025,2023,0.113096,0.060619,0.035241,0.056548
600026,2015,0.016399,0.208142,0.146436,0.0081995
600026,2016,0.072397,0.879667,0.58898,0.0361985
600026,2017,0.063844,0.567771,-0.038634,0.031922
600026,2018,0.003747,0.318776,-0.828197,0.0018735
600026,2019,0.015328,0.317485,1.128567,0.007664
600026,2020,0.075622,0.492349,2.804351,0.037811
600026,2021,-0.157418,0.26426,-2.775803,-0.078709
600026,2022,0.048447,0.400369,1.383241,0.0242235
600026,2023,0.101591,0.644944,1.051055,0.0507955
600027,2015,0.207877,0.142748,0.243296,0.1039385
600027,2016,0.078704,0.087166,-0.558603,0.039352
600027,2017,0.010195,0.093158,-0.832265,0.0050975
600027,2018,0.036153,0.088412,1.927869,0.0180765
600027,2019,0.060012,0.097853,0.922851,0.030006
600027,2020,0.062567,0.112957,0.301493,0.0312835
600027,2021,-0.074155,0.092755,-2.085195,-0.0370775
600027,2022,0.001645,0.099576,0.905872,0.0008225
600027,2023,0.069964,0.08632,8.735661,0.034982
600028,2015,0.050726,0.148186,-0.11376,0.025363
600028,2016,0.066901,0.29348,0.360856,0.0334505
600028,2017,0.071024,0.284762,0.188001,0.035512
600028,2018,0.087284,0.341086,0.142189,0.043642
600028,2019,0.079026,0.221951,-0.10172,0.039513
600028,2020,0.044443,0.353151,-0.421521,0.0222215
600028,2021,0.093845,0.346165,1.019859,0.0469225
600028,2022,0.084966,0.217347,-0.109044,0.042483
600028,2023,0.075989,0.254936,-0.085728,0.0379945
600029,2015,0.103355,0.083069,1.062035,0.0516775
600029,2016,0.123072,0.071469,0.171275,0.061536
600029,2017,0.127491,0.104201,0.160299,0.0637455
600029,2018,0.052061,0.092583,-0.494219,0.0260305
600029,2019,0.041144,0.020882,-0.104456,0.020572
600029,2020,-0.162782,0.269886,-4.819063,-0.081391
600029,2021,-0.176735,0.196783,0.068443,-0.0883675
600029,2022,-0.601474,0.143081,-2.060394,-0.300737
600029,2023,-0.108144,0.101062,0.908541,-0.054072
600031,2015,0.005966,0.246039,-0.817255,0.002983
600031,2016,0.008965,0.312687,35.190676,0.0044825
600031,2017,0.086788,0.178555,12.596451,0.043394
600031,2018,0.214672,0.399046,1.830376,0.107336
600031,2019,0.295278,0.32093,0.823506,0.147639
600031,2020,0.305624,0.202999,0.36486,0.152812
600031,2021,0.200134,0.481591,-0.223089,0.100067
600031,2022,0.066422,0.534665,-0.64265,0.033211
600031,2023,0.06808,0.531485,0.041606,0.03404
600033,2015,0.069619,0.429555,-0.076798,0.0348095
600033,2016,0.081372,0.405419,0.214752,0.040686
600033,2017,0.07658,0.204026,-0.026729,0.03829
600033,2018,0.082493,0.618492,0.109964,0.0412465
600033,2019,0.088971,0.347481,0.12783,0.0444855
600033,2020,0.046653,0.232894,-0.464865,0.0233265
600033,2021,0.081508,0.193674,0.82814,0.040754
600033,2022,0.079068,0.57256,0.001233,0.039534
600033,2023,0.082324,1.04916,0.082885,0.041162
600035,2015,0.110315,0.361175,0.532172,0.0551575
600035,2016,0.093031,0.420563,-0.092121,0.0465155
600035,2017,0.111361,0.349749,0.47801,0.0556805
600035,2018,0.072647,0.39214,-0.229428,0.0363235
600035,2019,0.099813,0.262162,0.438278,0.0499065
600035,2020,0.050258,0.191403,-0.457734,0.025129
600035,2021,0.110824,0.216718,1.248849,0.055412
600035,2022,0.099756,0.562156,-0.033707,0.049878
600035,2023,0.120172,0.300806,0.287275,0.060086
600037,2015,0.075509,5.460896,0.182588,0.0377545
600037,2016,0.059884,4.078369,0.077981,0.029942
600037,2017,0.05977,5.815793,0.04953,0.029885
600037,2018,0.05375,4.641907,-0.088123,0.026875
600037,2019,0.043956,4.557659,-0.161774,0.021978
600037,2020,0.012557,3.729749,-0.718312,0.0062785
600037,2021,0.016377,4.316629,0.274195,0.0081885
600037,2022,0.025787,4.437057,0.600736,0.0128935
600037,2023,-0.0133,4.120042,-1.519504,-0.00665
600038,2015,0.068706,0.242479,0.317945,0.034353
600038,2016,0.065511,0.216352,0.005034,0.0327555
600038,2017,0.064695,0.24818,0.035936,0.0323475
600038,2018,0.068332,0.275887,0.120705,0.034166
600038,2019,0.074023,0.252547,0.152768,0.0370115
600038,2020,0.088919,0.186017,0.28831,0.0444595
600038,2021,0.098764,0.218548,0.205268,0.049382
600038,2022,0.03995,0.127013,-0.576129,0.019975
600038,2023,0.044809,0.207176,-0.105823,0.0224045
600039,2015,0.127393,0.225497,0.104072,0.0636965
600039,2016,0.114328,0.234639,0.067172,0.057164
600039,2017,0.09359,0.285029,-0.008315,0.046795
600039,2018,0.086496,0.266621,0.069977,0.043248
600039,2019,0.115012,0.232121,0.406551,0.057506
600039,2020,0.158343,0.271698,0.794013,0.0791715
600039,2021,0.224344,0.197764,0.875853,0.112172
600039,2022,0.325278,0.290011,0.653088,0.162639
600039,2023,0.207174,0.174885,-0.204836,0.103587
600048,2015,0.185773,0.168978,0.182439,0.0928865
600048,2016,0.15452,0.187339,0.014579,0.07726
600048,2017,0.159259,0.186806,0.15253,0.0796295
600048,2018,0.165168,0.254961,0.32778,0.082584
600048,2019,0.201184,0.232482,0.436146,0.100592
600048,2020,0.172182,0.194222,0.066418,0.086091
600048,2021,0.145761,0.209458,-0.071407,0.0728805
600048,2022,0.093648,0.209772,-0.27369,0.046824
600048,2023,0.061129,0.182359,-0.336758,0.0305645
600050,2015,0.044502,0.065071,-0.128134,0.022251
600050,2016,0.001973,0.074347,-0.954006,0.0009865
600050,2017,0.004,0.15894,2.508858,0.002
600050,2018,0.02962,0.158018,4.523097,0.01481
600050,2019,0.03515,0.186958,0.21111,0.017575
600050,2020,0.037942,0.158455,0.11193,0.018971
600050,2021,0.042472,0.21077,0.151,0.021236
600050,2022,0.048088,0.294335,0.155042,0.024044
600050,2023,0.05212,0.235984,0.123796,0.02606
600051,2015,0.068125,0.089536,-0.14968,0.0340625
600051,2016,0.077974,0.094497,0.186928,0.038987
600051,2017,0.220728,0.207172,1.251888,0.110364
600051,2018,0.103299,0.292768,-0.340873,0.0516495
600051,2019,0.126808,0.411308,-0.193915,0.063404
600051,2020,0.122574,0.507916,0.699508,0.061287
600051,2021,0.081985,0.811173,-0.155056,0.0409925
600051,2022,0.046939,0.645031,-0.636106,0.0234695
600051,2023,0.032294,0.914986,-0.454462,0.016147
600052,2015,-0.397107,0.019,-4.038812,-0.1985535
600052,2016,0.213536,0.1037,1.544765,0.106768
600052,2017,0.086572,0.373247,-0.472433,0.043286
600052,2018,0.049491,0.238833,-0.375284,0.0247455
600052,2019,0.404556,5.277544,9.3991,0.202278
600052,2020,-0.013409,6.080576,-1.038226,-0.0067045
600052,2021,-0.011906,15.964046,0.36859,-0.005953
600052,2022,-0.067827,4.619246,-5.767479,-0.0339135
600052,2023,0.038508,4.534187,1.574906,0.019254
600053,2015,0.281828,0.235817,2.780673,0.140914
600053,2016,0.442122,0.275487,1.212573,0.221061
600053,2017,0.175131,0.164875,-0.489395,0.0875655
600053,2018,0.135959,0.409296,-0.003665,0.0679795
600053,2019,0.330755,0.739647,3.123954,0.1653775
600053,2020,0.032679,0.367118,-0.897256,0.0163395
600053,2021,0.022887,0.597782,-0.254387,0.0114435
600053,2022,0.062013,1.123572,1.859528,0.0310065
600053,2023,0.005277,0.763852,-0.917694,0.0026385
600054,2015,0.113801,0.721285,0.407304,0.0569005
600054,2016,0.098705,1.676845,0.201492,0.0493525
600054,2017,0.099819,1.63632,0.168734,0.0499095
600054,2018,0.141705,4.395459,0.380217,0.0708525
600054,2019,0.080598,5.252084,-0.399062,0.040299
600054,2020,-0.010757,5.495063,-1.1378,-0.0053785
600054,2021,0.010159,4.825151,1.834558,0.0050795
600054,2022,-0.031503,3.270143,-4.296889,-0.0157515
600054,2023,0.098699,3.086625,4.348168,0.0493495
600055,2015,0.058988,0.176735,0.680546,0.029494
600055,2016,0.057449,2.432584,0.603086,0.0287245
600055,2017,0.060011,1.368732,0.478412,0.0300055
600055,2018,0.080513,0.904484,0.475864,0.0402565
600055,2019,0.083327,1.416668,0.105955,0.0416635
600055,2020,0.10095,1.598599,0.322677,0.050475
600055,2021,0.078307,3.448668,-0.174131,0.0391535
600055,2022,0.050095,6.791201,-0.045634,0.0250475
600055,2023,0.040472,6.547212,0.109107,0.020236
600056,2015,0.118434,0.381639,0.171231,0.059217
600056,2016,0.15443,0.311338,0.556348,0.077215
600056,2017,0.177414,0.321208,0.341824,0.088707
600056,2018,0.19055,0.291263,0.148131,0.095275
600056,2019,0.112497,0.167881,-0.310686,0.0562485
600056,2020,0.137961,0.207499,0.104332,0.0689805
600056,2021,0.063865,0.207373,-0.484679,0.0319325
600056,2022,0.069822,0.236518,0.243172,0.034911
600056,2023,0.093674,0.214809,0.39811,0.046837
600057,2015,0.058891,0.13068,0.301014,0.0294455
600057,2016,0.067015,0.103714,0.455723,0.0335075
600057,2017,0.08101,0.181356,0.477336,0.040505
600057,2018,0.086563,0.243267,0.453243,0.0432815
600057,2019,0.086096,0.19818,0.00868,0.043048
600057,2020,0.091049,0.22629,0.116465,0.0455245
600057,2021,0.134266,0.325589,0.671358,0.067133
600057,2022,0.153729,0.286964,0.371799,0.0768645
600057,2023,0.082985,0.262232,-0.387537,0.0414925
600058,2015,-0.580772,0.123588,-44.868013,-0.290386
600058,2016,0.005806,0.173257,1.002718,0.002903
600058,2017,0.005506,0.19915,0.986855,0.002753
600058,2018,-0.113896,0.208039,-26.439101,-0.056948
600058,2019,0.026327,0.160478,1.207365,0.0131635
600058,2020,0.040166,0.115749,0.556897,0.020083
600058,2021,0.068964,0.192899,0.841933,0.034482
600058,2022,0.056801,0.14013,-0.282223,0.0284005
600058,2023,0.032305,0.133235,-0.519441,0.0161525
600059,2015,0.035664,0.570943,-0.281261,0.017832
600059,2016,0.031859,0.493835,-0.09079,0.0159295
600059,2017,0.041748,0.733476,0.354703,0.020874
600059,2018,0.042758,1.005386,0.047974,0.021379
600059,2019,0.050785,0.986112,0.220346,0.0253925
600059,2020,0.035647,1.010062,-0.292945,0.0178235
600059,2021,0.041687,2.583072,0.347769,0.0208435
600059,2022,0.037196,2.505731,0.006278,0.018598
600059,2023,0.070135,2.279903,0.972018,0.0350675
600060,2015,0.131143,0.377384,0.064908,0.0655715
600060,2016,0.140325,0.289526,0.164453,0.0701625
600060,2017,0.070261,0.271634,-0.43974,0.0351305
600060,2018,0.028314,0.333951,-0.467626,0.014157
600060,2019,0.038791,0.283252,0.475754,0.0193955
600060,2020,0.079301,0.228899,0.890666,0.0396505
600060,2021,0.071879,0.676963,0.045673,0.0359395
600060,2022,0.099834,0.785117,0.348611,0.049917
600060,2023,0.115011,0.805462,0.185199,0.0575055
600061,2015,0.334245,0.669016,2.017353,0.1671225
600061,2016,0.094922,0.580052,-0.451613,0.047461
600061,2017,0.081116,0.414538,-0.152953,0.040558
600061,2018,0.046186,0.778927,-0.331114,0.023093
600061,2019,0.078624,0.413561,0.728255,0.039312
600061,2020,0.097993,0.389747,0.344638,0.0489965
600061,2021,0.100888,0.697334,0.127878,0.050444
600061,2022,0.058459,0.771445,-0.346507,0.0292295
600061,2023,0.04522,0.720445,-0.150304,0.02261
600062,2015,0.11218,0.704767,-0.099808,0.05609
600062,2016,0.111658,1.464629,0.111948,0.055829
600062,2017,0.119156,1.03223,0.193241,0.059578
600062,2018,0.126641,0.92843,0.121701,0.0633205
600062,2019,0.128342,0.787509,0.077825,0.064171
600062,2020,0.11233,0.902716,-0.04966,0.056165
600062,2021,0.097469,1.332,-0.040813,0.0487345
600062,2022,0.116785,0.939874,0.250191,0.0583925
600062,2023,0.126276,1.093263,0.074783,0.063138
600063,2015,0.029687,0.085814,-0.418435,0.0148435
600063,2016,0.030141,0.071999,0.008945,0.0150705
600063,2017,0.020137,0.087332,-0.226433,0.0100685
600063,2018,0.027588,0.209051,0.526485,0.013794
600063,2019,0.079133,0.332355,1.958542,0.0395665
600063,2020,0.113224,0.507653,0.587434,0.056612
600063,2021,0.163682,0.416926,0.600124,0.081841
600063,2022,0.192025,0.655519,0.367011,0.0960125
600063,2023,0.043277,0.350773,-0.753425,0.0216385
600064,2015,0.098309,0.112574,0.378312,0.0491545
600064,2016,0.098351,0.080747,0.164329,0.0491755
600064,2017,0.094763,0.095694,0.009295,0.0473815
600064,2018,0.098536,0.206855,0.033478,0.049268
600064,2019,0.174206,0.165928,0.752779,0.087103
600064,2020,0.160803,0.082594,0.122391,0.0804015
600064,2021,0.166075,0.253399,0.14129,0.0830375
600064,2022,0.151884,0.18462,0.032307,0.075942
600064,2023,0.0915,0.219194,-0.402173,0.04575
600066,2015,0.298771,0.410564,0.352502,0.1493855
600066,2016,0.305832,0.281938,0.143449,0.152916
600066,2017,0.215188,0.133374,-0.227795,0.107594
600066,2018,0.143214,0.164275,-0.264996,0.071607
600066,2019,0.113525,0.287067,-0.157903,0.0567625
600066,2020,0.031392,0.409653,-0.736294,0.015696
600066,2021,0.040179,0.432066,0.207374,0.0200895
600066,2022,0.051136,0.559185,0.227488,0.025568
600066,2023,0.128002,0.47748,1.395796,0.064001
600067,2015,0.033746,0.533419,-0.498226,0.016873
600067,2016,0.046335,0.475927,-0.199685,0.0231675
600067,2017,0.084639,0.288031,1.008382,0.0423195
600067,2018,0.100621,0.375653,0.190443,0.0503105
600067,2019,0.0537,0.119614,-0.385874,0.02685
600067,2020,0.039543,0.084499,-0.340441,0.0197715
600067,2021,-0.130253,0.122575,-3.669172,-0.0651265
600067,2022,0.010039,0.101774,1.16137,0.0050195
600067,2023,-0.065225,0.129347,-3.586435,-0.0326125
600071,2015,0.039482,0.531279,1.125597,0.019741
600071,2016,-0.255664,0.387305,-7.300172,-0.127832
600071,2017,0.082415,0.398647,1.265793,0.0412075
600071,2018,-0.017784,0.292222,-1.26534,-0.008892
600071,2019,0.009739,0.457285,-1.222156,0.0048695
600071,2020,0.028496,0.332788,3.934085,0.014248
600071,2021,0.02057,0.246234,-0.89374,0.010285
600071,2022,0.009157,0.279109,-0.227333,0.0045785
600071,2023,-0.175425,0.213306,-50.292529,-0.0877125
600072,2015,0.019618,0.48327,1.035973,0.009809
600072,2016,-0.017969,0.526158,-1.36806,-0.0089845
600072,2017,0.00836,0.335093,2.061174,0.00418
600072,2018,0.017752,0.296808,-0.527447,0.008876
600072,2019,0.036246,0.782025,4.474094,0.018123
600072,2020,0.036755,0.689502,0.267482,0.0183775
600072,2021,0.020319,0.671094,-0.423081,0.0101595
600072,2022,0.027569,0.473286,0.350193,0.0137845
600072,2023,0.021699,0.355484,-0.675722,0.0108495
600073,2015,0.054178,0.538447,1.265183,0.027089
600073,2016,0.083183,0.60404,1.016429,0.0415915
600073,2017,0.083102,0.647804,0.016745,0.041551
600073,2018,0.083169,0.611175,-0.16504,0.0415845
600073,2019,0.09352,0.528061,0.461493,0.04676
600073,2020,0.096944,0.597121,0.340463,0.048472
600073,2021,0.069388,0.523792,-1.135838,0.034694
600073,2022,0.108781,0.55128,7.516835,0.0543905
600073,2023,0.046057,0.456711,-1.203339,0.0230285
600075,2015,0.02632,0.138304,-0.231945,0.01316
600075,2016,0.179513,0.057246,1.037632,0.0897565
600075,2017,0.131343,0.088213,0.214129,0.0656715
600075,2018,0.108059,0.078663,-0.137871,0.0540295
600075,2019,0.006094,0.229771,-1.016577,0.003047
600075,2020,0.148776,0.141522,0.502224,0.074388
600075,2021,0.195627,0.290089,0.789391,0.0978135
600075,2022,0.084481,1.12896,-0.498404,0.0422405
600075,2023,-0.077988,0.548409,-1.980427,-0.038994
600076,2015,0.201996,1.161216,0.431796,0.100998
600076,2016,0.140486,0.176643,0.424654,0.070243
600076,2017,0.147679,0.103647,0.211314,0.0738395
600076,2018,0.131068,0.176225,0.003878,0.065534
600076,2019,0.099271,0.143716,-0.169422,0.0496355
600076,2020,-0.040019,0.132764,-1.419897,-0.0200095
600076,2021,0.006931,0.361741,1.169202,0.0034655
600076,2022,-0.040839,0.128222,-8.115795,-0.0204195
600076,2023,-0.066106,0.110685,-0.525297,-0.033053
600077,2015,0.020615,0.13697,0.50611,0.0103075
600077,2016,-0.054228,0.373518,-3.270057,-0.027114
600077,2017,0.042628,0.194442,1.845535,0.021314
600077,2018,0.104791,0.22231,1.534751,0.0523955
600077,2019,0.134194,0.255218,0.464623,0.067097
600077,2020,0.075261,0.232144,-0.452178,0.0376305
600077,2021,-0.0873,0.207636,-2.399761,-0.04365
600077,2022,-1.399842,0.145708,-6.792929,-0.699921
600077,2023,0.204409,0.046222,1.110268,0.1022045
600078,2015,0.010072,0.349636,-0.160876,0.005036
600078,2016,0.033171,0.419118,1.109018,0.0165855
600078,2017,0.031683,0.569361,0.214209,0.0158415
600078,2018,0.010841,0.430096,-0.470537,0.0054205
600078,2019,0.035144,0.489673,0.754817,0.017572
600078,2020,-3.492047,0.078888,-16.875664,-1.7460235
600078,2021,4.108081,0.071194,1.939546,2.0540405
600078,2022,0.303783,0.321386,-0.634462,0.1518915
600078,2023,-0.031745,0.386365,-0.960893,-0.0158725
600079,2015,0.103751,0.339516,0.342112,0.0518755
600079,2016,0.092891,0.318991,0.265959,0.0464455
600079,2017,0.175575,0.308237,1.14622,0.0877875
600079,2018,-0.193566,0.238963,-1.845973,-0.096783
600079,2019,0.080284,0.217295,1.689121,0.040142
600079,2020,0.109821,0.415588,0.275667,0.0549105
600079,2021,0.116225,0.382491,0.070737,0.0581125
600079,2022,0.17753,0.404283,0.689206,0.088765
600079,2023,0.13307,0.381135,-0.083364,0.066535
600080,2015,0.024586,0.105558,-0.135913,0.012293
600080,2016,0.025783,0.125037,0.079626,0.0128915
600080,2017,0.048842,0.141996,0.935141,0.024421
600080,2018,0.026539,1.809236,-0.31451,0.0132695
600080,2019,0.01486,1.428125,-0.284031,0.00743
600080,2020,0.021964,1.594379,0.399157,0.010982
600080,2021,-0.010754,4.332453,-1.491458,-0.005377
600080,2022,0.020036,2.126859,2.842438,0.010018
600080,2023,-0.025821,1.515482,-2.281865,-0.0129105
600081,2015,0.148111,0.260282,-0.263724,0.0740555
600081,2016,0.104689,0.190394,-0.168323,0.0523445
600081,2017,0.115967,0.210801,0.18662,0.0579835
600081,2018,0.115497,0.224989,0.035,0.0577485
600081,2019,0.11004,0.248486,0.017395,0.05502
600081,2020,0.06986,0.260907,-0.211474,0.03493
600081,2021,0.105455,0.357757,0.562167,0.0527275
600081,2022,0.034449,0.550461,-0.336654,0.0172245
600081,2023,0.034798,0.711725,0.001851,0.017399
600082,2015,0.00593,0.348715,-0.745195,0.002965
600082,2016,-0.047858,0.164584,-8.904801,-0.023929
600082,2017,0.008493,0.279876,1.173959,0.0042465
600082,2018,0.008663,0.36463,0.026656,0.0043315
600082,2019,0.008793,0.091417,0.021689,0.0043965
600082,2020,0.019114,0.191316,1.204523,0.009557
600082,2021,0.005767,0.334277,-0.69507,0.0028835
600082,2022,0.0058,0.167478,0.009665,0.0029
600082,2023,0.007194,0.281656,0.248411,0.003597
600083,2015,0.251064,0.207353,0.882521,0.125532
600083,2016,0.056468,0.516391,-0.58987,0.028234
600083,2017,0.141304,1.003537,0.371619,0.070652
600083,2018,-1.379034,0.075668,-6.685937,-0.689517
600083,2019,-1.207788,0.027643,0.871732,-0.603894
600083,2020,2.313012,0.690814,2.615328,1.156506
600083,2021,0.760354,0.309824,0.920026,0.380177
600083,2022,1.156467,0.120996,2.984748,0.5782335
600083,2023,-3.345588,0.03596,-3.409234,-1.672794
600084,2015,0.006352,1.340026,2.293106,0.003176
600084,2016,0.005212,1.095719,-0.571428,0.002606
600084,2017,-0.037626,1.35077,-8.618294,-0.018813
600084,2018,-0.069422,0.959056,-0.755637,-0.034711
600084,2019,0.006797,0.98097,1.093142,0.0033985
600084,2020,-0.025932,0.447131,-4.855273,-0.012966
600084,2021,0.007853,0.822021,1.294273,0.0039265
600084,2022,-0.512704,0.638497,-55.926771,-0.256352
600084,2023,0.002877,0.730035,1.005054,0.0014385
600085,2015,0.138512,1.4304,0.168372,0.069256
600085,2016,0.125161,1.494207,0.065864,0.0625805
600085,2017,0.125529,1.323506,0.114925,0.0627645
600085,2018,0.128334,1.415641,0.046401,0.064167
600085,2019,0.106557,1.544267,-0.14317,0.0532785
600085,2020,0.108193,1.491413,0.035068,0.0540965
600085,2021,0.119945,1.575014,0.169762,0.0599725
600085,2022,0.127071,1.834775,0.163231,0.0635355
600085,2023,0.13423,1.694022,0.172021,0.067115
600088,2015,0.023052,2.232403,-0.491316,0.011526
600088,2016,-0.115191,2.460763,-5.514263,-0.0575955
600088,2017,0.078021,2.789054,1.679927,0.0390105
600088,2018,0.100912,2.269222,0.416495,0.050456
600088,2019,0.074454,2.350032,-0.232312,0.037227
600088,2020,-0.091728,1.939652,-2.196341,-0.045864
600088,2021,-0.001935,1.769691,1.054661,-0.0009675
600088,2022,-0.06316,1.514978,-11.715348,-0.03158
600088,2023,0.211144,2.034784,4.610131,0.105572
600089,2015,0.093339,0.423021,0.117979,0.0466695
600089,2016,0.099357,0.44415,0.237547,0.0496785
600089,2017,0.083487,0.464913,0.054204,0.0417435
600089,2018,0.065958,0.573938,-0.040824,0.032979
600089,2019,0.059741,0.557837,-0.056755,0.0298705
600089,2020,0.068618,0.51939,0.337225,0.034309
600089,2021,0.1774,0.485101,2.133143,0.0887
600089,2022,0.311781,0.305412,1.263206,0.1558905
600089,2023,0.177994,0.410042,-0.384178,0.088997
