StockCode,Year,Positive_Tone,Negative_Tone,Uncertainty_Tone,Word_Count
000001,2023,0.013648078725398314,0.0032802249297094657,0.004627460168697282,17072
000001,2023,0.010789324247586598,0.004258943781942078,0.0031232254400908573,14088
000001,2023,0.007394320115168172,0.006347336736029316,0.005431226279282816,15282
000001,2023,0.016147635524798153,0.004382929642445213,0.00392156862745098,13005
000001,2023,0.012703766160764475,0.004272062956717257,0.0032040472175379428,17790
000001,2023,0.015588365756289208,0.005069387237817629,0.006083264685381154,15781
000001,2023,0.010773258155457108,0.004530809504631494,0.003926701570680628,19864
000001,2023,0.014771142386205147,0.0041841004184100415,0.004564473183720046,15774
000002,2021,0.015978790484379477,0.006950415591860132,0.0018629979936944684,13956
000002,2022,0.013920758757839987,0.006807404007954719,0.002600581306409668,13074
000004,2014,0.007677716556769939,0.0027097823141540964,0.004606629934061963,11071
000004,2015,0.0063998557778979625,0.003154858482062376,0.004777357129980169,11094
000004,2016,0.006859942833809718,0.002041649652919559,0.0041649652919559,12245
000004,2017,0.007429307861420665,0.004700174361306952,0.006064741111363809,13191
000004,2018,0.004811963281018655,0.005034053893988748,0.005108084098312112,13508
000004,2021,0.007469758626456324,0.0064663582139472655,0.005518702268799821,17939
000004,2023,0.008022573863007636,0.005366825273874073,0.004536903839769835,18074
000005,2020,0.013641826923076923,0.004447115384615384,0.0036658653846153846,16640
000005,2022,0.010493664202745513,0.0031678986272439284,0.004223864836325237,15152
000005,2022,0.009031865232392937,0.004921859143495027,0.004414450984371828,19708
000005,2023,0.011087579419459325,0.003986545409243802,0.004983181761554753,16054
000005,2023,0.011365366076411792,0.005987112486681212,0.0043634887614795274,19709
000006,2014,0.009086283346659882,0.003997964672530348,0.0055971505415424875,13757
000006,2015,0.007343668867294711,0.0048957792448631405,0.00437652993101402,13481
000006,2016,0.007446886179455355,0.002701321457253413,0.003942469153829306,13697
000006,2017,0.006028909711629258,0.0026149487905861844,0.0037045107866637613,13767
000006,2018,0.006673436819962281,0.0022486580589003336,0.0038444799071521833,13786
000006,2019,0.007792786106575627,0.0023007273267032806,0.0042303696007124835,13474
000006,2021,0.006742161419126792,0.004647509327747594,0.003338351770635596,15277
000006,2022,0.006045708211533351,0.005182035609885729,0.004251926654265214,15052
000006,2023,0.007207073333828665,0.005349580206553236,0.004235084330187979,13459
000007,2015,0.004677754677754678,0.005613305613305614,0.004158004158004158,9620
000007,2016,0.008869725900831536,0.004804434862950416,0.003942100400369572,16235
000007,2016,0.010831773201390745,0.0024739235089596147,0.004346081840064188,14956
000007,2016,0.0076745261211280625,0.005362921867776237,0.003975959315765141,10815
000007,2017,0.005487326887901751,0.0067067328629910284,0.005226025607525477,11481
000007,2017,0.015569349750686884,0.0048845018825684336,0.004986262338455276,9827
000007,2018,0.010570216437765154,0.0021571870281153374,0.004601998993312721,13907
000007,2018,0.005239179954441914,0.0076309794988610475,0.006378132118451025,8780
000007,2018,0.01167693804735647,0.0033084657800843335,0.004022056438533895,15415
000007,2021,0.003971713649133004,0.004456068972198004,0.0036811004552940035,10323
000007,2022,0.004548635409377187,0.0047235829251224635,0.003761371588523443,11432
000008,2014,0.007797594359187059,0.005806719203649938,0.0071339693073413524,12055
000008,2015,0.01175139822786401,0.002387984666624772,0.0042103940174699934,15913
000008,2016,0.010600271169727598,0.0027116972759768272,0.0049919881671391594,16226
000008,2017,0.01334840031075641,0.0024719259834734093,0.005650116533653507,14159
000008,2018,0.013203498927215711,0.0015679154976068659,0.0018980029707872587,12118
000008,2019,0.01198683798182388,0.0016452522720150423,0.003917267314321529,12764
000008,2021,0.011128650355169693,0.0037884767166535124,0.004735595895816891,12670
000008,2022,0.01328031212484994,0.003676470588235294,0.0041266506602641055,13328
000008,2023,0.008611651939493785,0.006290250112325895,0.005391642953422196,13354
000009,2014,0.008744099667259924,0.0027857308674456393,0.0034821635843070493,12923
000009,2015,0.007423904974016332,0.001855976243504083,0.0025983667409057165,13470
000009,2016,0.010924369747899159,0.0028711484593837537,0.0035014005602240898,14280
000009,2019,0.0072300045187528245,0.0076818798011748755,0.006842682848105352,15491
000009,2020,0.010086537910481976,0.003954381339904865,0.0031520430970256173,17449
000009,2021,0.009587786259541984,0.008122137404580152,0.006229007633587786,16375
000009,2021,0.020482849027747434,0.0057351977277692815,0.004205811667030806,18308
000009,2022,0.016241737488196413,0.00881334592382751,0.0045955303745672015,15885
000009,2022,0.010728582866293034,0.008540165465705898,0.005497731518548172,18735
000009,2023,0.010046451334125527,0.009398293183536783,0.006805660581181808,18514
000010,2020,0.012372587986409386,0.005833707288928777,0.005513173921405218,15599
000010,2020,0.0222806358743272,0.007447740643384654,0.003942921517085993,15978
000010,2021,0.0074745453475369315,0.005296921899829322,0.0043552468954152195,16991
000010,2022,0.00723704385157927,0.004906470407850353,0.004845139527752223,16305
000010,2023,0.0071213190479245524,0.005709886443831398,0.00513248219670238,15587
000011,2023,0.00966268446943078,0.005270555165144062,0.003396579995315062,17076
000014,2023,0.00544069640914037,0.005150525933986217,0.004715270221254987,13785
000016,2023,0.010663914688682491,0.003898635477582846,0.0028093108588464625,17442
000017,2019,0.005050124368734454,0.006331499208562599,0.004447124444109445,13267
000017,2021,0.00823293172690763,0.005823293172690763,0.004417670682730923,14940
000017,2022,0.008090914705700699,0.005496880983262307,0.0037675251683033785,16191
000017,2023,0.008679071602340719,0.0060490499046617135,0.004010783088960484,15209
000019,2018,0.006071242233078784,0.00426884219513352,0.00332021059621496,21083
000019,2019,0.007876329865397049,0.004408393581378946,0.003291600540762946,17013
000019,2020,0.007692752617271097,0.005089941581352305,0.004338018393197987,17289
000019,2021,0.008604651162790697,0.00622093023255814,0.00436046511627907,17200
000019,2022,0.007192766132346897,0.007449650637073571,0.0034936292642827787,19464
000019,2023,0.007302054383957278,0.007411040270284998,0.0032150836466677563,18351
000020,2015,0.007104194857916103,0.005412719891745603,0.005074424898511502,11824
000020,2016,0.006811653672548215,0.005826836274107509,0.004185473943373,12185
000020,2017,0.0057476425684777725,0.0052986079928154465,0.005118994162550516,11135
000020,2018,0.004411074612857813,0.006194274988268419,0.005349601126231816,10655
000020,2019,0.004329004329004329,0.005501443001443001,0.005050505050505051,11088
000020,2020,0.004668352460610776,0.005738183232834079,0.00583544057576347,10282
000020,2021,0.004310344827586207,0.005227439471753485,0.0054108584005869405,10904
000020,2021,0.004300878477306003,0.005215959004392387,0.005398975109809663,10928
000021,2023,0.0110912343470483,0.004293381037567084,0.0054382826475849735,13975
000023,2022,0.019190031152647974,0.00485981308411215,0.005233644859813084,16050
000023,2022,0.012926391382405745,0.005026929982046679,0.005437291613234163,19495
000023,2022,0.01004228329809725,0.003582334977683815,0.0045806906272022555,17028
000023,2022,0.005952883559908807,0.003673055813560753,0.004897407751414337,23686
000023,2022,0.010539742212674544,0.009935553168635876,0.008861439312567132,14896
000023,2023,0.011777716339507879,0.005252972076306331,0.005916505391208184,18085
000023,2023,0.014856818826197903,0.007314998582364616,0.007371703997731784,17635
000023,2023,0.018234097762816467,0.008065081702784206,0.006311803071744161,14259
000023,2023,0.012231759656652361,0.004721030042918455,0.004434907010014306,13980
000023,2023,0.009963484611371936,0.004694835680751174,0.003912363067292645,19170
000023,2023,0.00945734411687973,0.004826506652752413,0.004891729715627446,15332
000023,2023,0.02071512686007922,0.003800449630660529,0.004978053741569425,18682
000023,2023,0.01052444864896825,0.005676107136522202,0.004079702004375333,16913
000023,2023,0.011436639604659371,0.007765619484645252,0.006847864454641722,14165
000026,2016,0.007755205260052263,0.0013487313495743067,0.0042990811767681025,11863
000026,2017,0.009248656742711178,0.0012331542323614903,0.005108781819783317,11353
000026,2018,0.009698996655518394,0.0015050167224080267,0.004013377926421404,11960
000026,2019,0.008544015687373065,0.0018208558022270466,0.004482106590097346,14279
000026,2020,0.009952574978291363,0.002137465767149823,0.0048092979760871015,14971
000026,2021,0.008956948858711355,0.003178272175671771,0.0029615718000577866,13844
000026,2022,0.007192707591511181,0.004628970232160661,0.004913829938755163,14042
000026,2023,0.00758736412052236,0.003939592908732764,0.005033924272269643,13707
000027,2014,0.008410358897493546,0.001915230243983679,0.004413356649179782,12009
000027,2015,0.00798464491362764,0.002687140115163148,0.003147792706333973,13025
000027,2016,0.009555523382076155,0.0024612711741711308,0.002823222817431591,13814
000027,2017,0.009198130702470143,0.003338031303315778,0.0037831021437578815,13481
000027,2018,0.011064062286572873,0.005053954377817238,0.0038246141237535856,14642
000027,2019,0.010114052076608565,0.003514812423785955,0.004447313679076107,13941
000027,2021,0.011675302245250431,0.0030397236614853195,0.003937823834196891,14475
000027,2022,0.010738340322785615,0.004701995170923879,0.004574914220358368,15738
000027,2023,0.01104213919064104,0.005252477020413036,0.004536230153993077,16754
000028,2014,0.009308510638297872,0.0016097424412094064,0.005039193729003359,14288
000028,2015,0.007120672676312401,0.0015150367396409364,0.005302628588743277,13201
000028,2016,0.009238864415075869,0.0028144884973078806,0.003915810083210965,16344
000028,2017,0.009214769959849932,0.0036859079839399725,0.004212466267359968,15193
000028,2018,0.011797820098215355,0.002635046113306983,0.0044915558749550845,16698
000028,2019,0.01088348271446863,0.002880921895006402,0.0044014084507042256,12496
000028,2021,0.014585414585414586,0.0029304029304029304,0.002863802863802864,15015
000028,2022,0.018068815275197027,0.00358813352982636,0.004933683603511245,15607
000028,2023,0.01803793785639474,0.003956708949144652,0.004713138601187013,17186
000029,2020,0.008745302110436542,0.0026019080659150044,0.005131540907776814,13836
000029,2020,0.016798357493933925,0.011261121134822373,0.009083556274497605,16073
000029,2020,0.010577281191806332,0.0054376163873370575,0.005735567970204841,13425
000029,2020,0.019485683987274655,0.010670731707317074,0.008085896076352067,15088
000029,2021,0.00793425899688297,0.007721734202323604,0.006234060640408047,14116
000029,2021,0.007001862197392923,0.003798882681564246,0.00409683426443203,13425
000029,2022,0.004599406528189911,0.004599406528189911,0.005267062314540059,13480
000029,2022,0.00340697914515796,0.007020441874870948,0.007020441874870948,9686
000029,2023,0.00479221265443654,0.005466117558966679,0.006065144140771247,13355
000030,2014,0.009138269707062944,0.004099410709710479,0.004611837048424289,11709
000030,2015,0.009338138925294889,0.0040137614678899085,0.004341415465268676,12208
000030,2016,0.007959995917950812,0.0037758954995407695,0.004082049188692724,9799
000030,2017,0.008819538670284939,0.0021321961620469083,0.0042643923240938165,10318
000030,2018,0.00895117540687161,0.002802893309222423,0.0037070524412296563,11060
000030,2019,0.013059533459425381,0.0032423669278573357,0.0036926956678375216,11103
000030,2021,0.012052969629688368,0.0022202838791531205,0.003568313377210372,12611
000030,2022,0.01058790749512399,0.0031345778768459183,0.0036918361660629702,14356
000030,2023,0.011416164728953635,0.0019610589718447964,0.0031517019190362796,14278
000031,2023,0.009852216748768473,0.00303951367781155,0.0037731893931453727,9541
000032,2019,0.012944009632751354,0.005839855508729681,0.00559903672486454,16610
000032,2020,0.01184804413239719,0.0038866599799398196,0.004638916750250752,15952
000032,2020,0.020335114385018414,0.004409399802873891,0.00456502567826944,19277
000032,2020,0.01947065842282243,0.006399826445384532,0.0039049788480312398,18438
000032,2020,0.009703690868133772,0.005602726275053428,0.00352336394616762,17313
000032,2020,0.014587751429856693,0.003984319773793458,0.00449842555105713,15561
000032,2020,0.02379425346331452,0.011223704463827604,0.008530015392508979,15592
000032,2021,0.015150566581105616,0.001064295999499155,0.002629437175233206,15973
000032,2022,0.011824080749819756,0.002066810862773372,0.0037971641432347995,20805
000032,2023,0.015096089443041888,0.0012365397496007008,0.0036065742696687105,19409
000034,2016,0.009218075162766712,0.003996647972668085,0.0054792754463997935,15513
000034,2017,0.008316987053746568,0.004472342094939192,0.005413887799136916,12745
000034,2018,0.00852242462980718,0.003835091083413231,0.004421007776712475,18774
000034,2019,0.009702540533639729,0.004021447721179625,0.005234265287884591,15666
000034,2020,0.010942398721337678,0.0025204401549148584,0.004364664658511096,16267
000034,2021,0.013357130519891762,0.0029938395992860846,0.004490759398929126,17369
000034,2022,0.01189587111917209,0.0036274405206444043,0.005281126640349941,18746
000034,2023,0.012898773820266468,0.0033441265459950103,0.005998195233292637,18839
000035,2014,0.009348524685947998,0.0032135553607946245,0.0035787321063394683,13692
000035,2015,0.008430293318470006,0.002717201978680415,0.003971295199609838,14353
000035,2016,0.007966195622055972,0.002632308118592408,0.003117206982543641,14436
000035,2017,0.0070678513731825526,0.001884760366182014,0.0037022078621432417,14856
000035,2018,0.006002695087590347,0.0025725836089672913,0.003675119441381845,16326
000035,2019,0.009038785834738617,0.0034401349072512646,0.004654300168634064,14825
000035,2021,0.008288530465949821,0.002837514934289128,0.004106929510155317,13392
000035,2022,0.008377167348529125,0.002532631989090201,0.003636599779206442,15399
000035,2023,0.011119936457505957,0.002515223722531109,0.004633306857294149,15108
000036,2014,0.007425564126595055,0.0033883642131064813,0.004181385624684594,13871
000036,2015,0.007967560645941524,0.0022764458988404354,0.00433947499466458,14057
000036,2016,0.009102730819245773,0.0025285363386793815,0.0044791215142320475,13842
000036,2017,0.011369288708875151,0.0022027996873445607,0.00461877353798053,14073
000036,2018,0.011184165932352741,0.0016267877719785807,0.0035247068392869245,14753
000036,2019,0.010246364800723273,0.0030889776237474575,0.004671136894447374,13273
000036,2020,0.008248259076465418,0.0029071732810492866,0.004529781623960516,14791
000036,2021,0.009919081179848603,0.007113025319759853,0.004502740798747063,15324
000036,2021,0.009919081179848603,0.007113025319759853,0.004502740798747063,15324
000036,2022,0.010745511579790428,0.006273776947206835,0.005205900020022692,14983
000036,2023,0.008458308338332334,0.006898620275944811,0.005218956208758248,16670
000037,2020,0.005373204064945684,0.0017521317603083752,0.003387454736596192,17122
000037,2020,0.006959793087232542,0.003385845285680696,0.004561486009875382,21265
000037,2021,0.009628034924052146,0.00651835904796077,0.0035282860901806002,16722
000037,2022,0.009705269425424233,0.007621315867817803,0.004465614766299494,16795
000037,2023,0.012368174037877534,0.006957097896306112,0.004085914637513114,18111
000038,2018,0.016262450059085026,0.007990546395813404,0.005064430814247932,17771
000038,2018,0.015230908963878992,0.0071263885977782436,0.0035631942988891218,14313
000038,2018,0.006294547810793298,0.003980375821531056,0.004720910858094974,10803
000038,2020,0.015040650406504066,0.00548780487804878,0.0035230352303523035,14760
000039,2014,0.017489421720733426,0.006318758815232722,0.00767277856135402,17725
000039,2016,0.017227138643067845,0.007079646017699115,0.006902654867256637,16950
000039,2017,0.02036721179893649,0.004013243704223939,0.004916223537674325,19934
000042,2014,0.008697135061391541,0.0007673942701227831,0.005883356070941337,11728
000042,2015,0.010227368776941931,0.002789282393711436,0.0034654720649142084,11831
000042,2017,0.00909164704927348,0.003247016803311957,0.004464648104553941,12319
000042,2018,0.0063461843566555605,0.0033317467872441696,0.004521656354117087,12606
000042,2019,0.007520443925233645,0.003431658878504673,0.005476051401869159,13696
000042,2021,0.006952674409417713,0.0052145058070632855,0.00355534486845224,12657
000042,2022,0.00776158746430402,0.005418466720363183,0.004173683825144614,13657
000042,2023,0.008148655852562638,0.0060162973117051256,0.00441702840606199,13131
000045,2015,0.012480626478505587,0.00236560894037034,0.004404926992413737,12259
000045,2017,0.014817781337605127,0.0025363769857161926,0.00473902015752236,14982
000045,2018,0.014648040146480402,0.004814865048148651,0.005967720059677201,14746
000045,2019,0.013571750176883,0.0035376599987135783,0.005338650543513218,15547
000045,2021,0.01210077365602063,0.005091582357997752,0.0038352178800502546,15123
000045,2022,0.012583562721195438,0.005392955451940902,0.004044716588955677,17801
000049,2014,0.01058464161398025,0.002912552390424096,0.007530013497194004,14077
000049,2016,0.011311172668513388,0.003770390889504463,0.007771622037550016,12996
000049,2018,0.01138766878151944,0.0027655767040832926,0.003904343582235237,12294
000049,2021,0.013918230396421026,0.006772710326829874,0.006772710326829874,16094
000049,2022,0.014893742273503267,0.007358568316948254,0.006593277211985636,16987
000049,2023,0.013791556876156304,0.008633738857431182,0.007288221113415933,17837
000050,2014,0.010161056196861824,0.004147369876270132,0.0037326328886431188,14467
000050,2015,0.009909493294576204,0.00436017704961353,0.004294113760983022,15137
000050,2016,0.010463474130183592,0.004750288868917704,0.00404416484786237,15578
000050,2018,0.009605013097745134,0.004468642457239714,0.003235913503518414,19469
000050,2019,0.011201256215650353,0.0049201779638838004,0.0035069353572363257,19105
000050,2021,0.014884901632723706,0.005942421969653263,0.005942421969653263,17333
000050,2022,0.01408864103316701,0.005635456413266803,0.0059289697681244495,17035
000050,2023,0.01539563193698532,0.0029239766081871343,0.00322234156820623,16758
000055,2020,0.0058443824145150034,0.0032274947662247035,0.004274249825540823,11464
000055,2021,0.011118619079796057,0.006020025800110572,0.0052828797837705015,16279
000055,2022,0.011070538457079927,0.005969976236016925,0.005738132498695879,17253
000055,2023,0.015156580853672127,0.005516549648946841,0.004680708793045804,17946
000056,2020,0.010230518833455125,0.0035208928452800108,0.003388028964326048,15053
000056,2020,0.01697792869269949,0.010510146333575875,0.00873150618481688,12369
000056,2020,0.011349405134627427,0.003678772698810269,0.004539762053850971,12776
000056,2020,0.016678564475306638,0.0072035823220195985,0.005321565318969434,15409
000056,2021,0.0051316677920324105,0.007427413909520594,0.00337609723160027,14810
000056,2022,0.0052003882956594095,0.007627236166967134,0.00457634170018028,14422
000056,2023,0.01415728746372195,0.0034685354286118778,0.005025837049621292,14127
000056,2023,0.013466413181242079,0.00594106463878327,0.005069708491761723,12624
000058,2022,0.012087227414330218,0.004485981308411215,0.00485981308411215,16050
000058,2022,0.020706870142395188,0.004254836330629149,0.005105803596754978,17627
000058,2022,0.013103138004723878,0.0037116184906084804,0.0058486109548982115,17782
000058,2022,0.014459621649425616,0.00400068583185689,0.004572212379265017,17497
000058,2023,0.008009072223403501,0.008717839676802041,0.007512935006024523,14109
000058,2023,0.014883346741753822,0.006033789219629927,0.006301957629391257,14916
000058,2023,0.012039981826442525,0.007666969559291231,0.00528169014084507,17608
000058,2023,0.019471488178025034,0.008245579177428968,0.006954102920723227,20132
000058,2023,0.016729868391701985,0.010651349542716931,0.0065246486727637745,17932
000058,2023,0.013573169928180799,0.008367925149897872,0.0075113658825854916,15177
000059,2022,0.007486285898676993,0.004711197160374314,0.005550177476605357,15495
000059,2023,0.008844953173777315,0.005658168574401665,0.0053329864724245574,15376
000060,2022,0.007725535803289583,0.0045688652600099685,0.0063964113640139555,12038
000060,2023,0.009693877551020408,0.004506802721088435,0.006972789115646258,11760
000062,2023,0.017976793593724463,0.0022879555482922045,0.0026148063409053767,12238
000062,2023,0.014445300462249615,0.005778120184899846,0.005970724191063174,20768
000062,2023,0.011292952472975421,0.004046138051814723,0.004106528171991062,16559
000062,2023,0.005503428365211115,0.00577408877661494,0.00866113316492241,11084
000063,2014,0.010995937806415465,0.009034878834570667,0.004552458327496848,14278
000063,2015,0.014536340852130326,0.0067311134980307915,0.0051557465091299675,13965
000063,2016,0.01289134438305709,0.008184980560671169,0.004979196507741627,14661
000063,2017,0.013126491646778043,0.007089709392110066,0.00484346483223361,14246
000063,2018,0.008924529522084976,0.009571234559917222,0.004526935264825713,15463
000063,2019,0.012163392740991284,0.006374398334851047,0.004683231429686484,15374
000063,2020,0.009668083010037564,0.005911694069831886,0.004741671285177659,16239
000063,2021,0.012680683311432326,0.005387647831800263,0.006241787122207621,15220
000063,2022,0.013846793843228145,0.006121114874903429,0.006299399774172461,16827
000063,2023,0.017475221700573813,0.006911841418883673,0.005933750652060511,15336
000065,2014,0.006259780907668232,0.0020344287949921754,0.004303599374021909,12780
000065,2015,0.00945736434108527,0.0020155038759689923,0.005193798449612403,12900
000065,2019,0.0068214456677836285,0.005983724269985639,0.006881282910483485,16712
000065,2020,0.009221089173356477,0.00477326968973747,0.004990236493816446,9218
000065,2021,0.010302264554378462,0.005053941102147925,0.005345514627271844,10289
000065,2022,0.010172828702690878,0.0075475825858674255,0.007875738350470356,9142
000065,2022,0.010205201360693516,0.007571601009546802,0.00790080105344014,9113
000065,2023,0.007626621471872759,0.005345153510201421,0.006974773482823805,15341
000066,2016,0.007082229550737958,0.0035681461858679785,0.005892847488781964,18497
000066,2017,0.00725520309272891,0.002965630461261452,0.004607318752316899,18883
000066,2018,0.009583722416080995,0.002064186366540522,0.004177520027522485,20347
000066,2019,0.011808606112134523,0.0018893769779415239,0.004062160502574276,21171
000066,2021,0.007866084704302365,0.0033574751786656434,0.004508609525636721,20849
000066,2022,0.010407285099569698,0.003752626838787151,0.004603222255578905,19986
000068,2014,0.006672025723472669,0.003938906752411576,0.003054662379421222,12440
000068,2016,0.008258422860483812,0.0039465029598772195,0.005554337499086457,13683
000068,2017,0.00892492165145115,0.0029295544352091565,0.004360267066357814,14678
000068,2019,0.009968799939121833,0.0032722015067346475,0.004565862567536717,13141
000068,2020,0.006475732692436077,0.0038053274584418186,0.005674611122237799,14979
000068,2021,0.008611955420466059,0.0028495440729483282,0.003482776089159068,15792
000068,2022,0.009318506554016276,0.002919798720258433,0.0034167857364726345,16097
000068,2023,0.00878236727293331,0.005042778627684288,0.0031729843050597767,17649
000069,2014,0.009437309302490598,0.002341588022422479,0.004044561129638828,14093
000069,2016,0.011615548132402065,0.0009110233829334953,0.004175523838445187,13172
000069,2017,0.012186060335859712,0.000817357705454005,0.0026006836082627435,13458
000069,2018,0.009914375844975214,0.0015322217214961695,0.0038756196484903108,11095
000069,2019,0.010741220385465072,0.0012188618877123486,0.00297097585129885,13127
000069,2021,0.015873015873015872,0.003435717721432007,0.003985432556861128,14553
000069,2022,0.010760401721664276,0.005217164471109952,0.00430416068866571,15334
000069,2023,0.013345676155210985,0.003934274473501504,0.004242845020442799,12963
000070,2014,0.014241667890177653,0.004404639553663192,0.00557921010130671,13622
000070,2015,0.01471091344509066,0.002600068422853233,0.00355798836811495,14615
000070,2016,0.011989888046226074,0.0038280967858432646,0.0038280967858432646,13845
000070,2017,0.012062987575845131,0.0047674082635076566,0.0035394394683617453,13844
000070,2018,0.010892667375132838,0.004582890541976621,0.004250797024442083,15056
000070,2019,0.00945734411687973,0.00423949908687712,0.0037829376467518913,15332
000070,2020,0.009835657370517928,0.004108565737051793,0.0036728087649402393,16064
000070,2021,0.009008374973608277,0.0028151171792525865,0.0036596523330283625,14209
000070,2022,0.011142234671646436,0.001929660753190165,0.003983815748521631,16065
000070,2023,0.011297933142819166,0.0033229215125938727,0.0038545889546088923,15047
000078,2019,0.007554896561462967,0.00303607992656923,0.0040951775753724495,14163
000078,2020,0.010296101682880069,0.0026272811190797417,0.0045444862600298236,14083
000078,2022,0.010167533217793184,0.003004043905257077,0.003004043905257077,17310
000078,2023,0.010419463988398948,0.002685428862989419,0.0039744347172243405,18619
000089,2014,0.014925373134328358,0.0013819789939192924,0.002003869541182974,14472
000089,2015,0.014180333739167801,0.0023633889565279668,0.00207691756785791,13963
000089,2016,0.015467434983698536,0.0034119341875805597,0.0021229812722723482,13189
000089,2017,0.017001319067858713,0.0035907958376080905,0.0027114172651326396,13646
000089,2018,0.015571913929784825,0.003680634201585504,0.0026896942242355605,14128
000089,2019,0.016547120232938,0.0051842908884312195,0.002911725019529863,14081
000089,2020,0.014542286556761827,0.004221954161640531,0.0022785149443774293,14922
000089,2021,0.015222075484812678,0.0027802877597831377,0.0032668381177451866,14387
000089,2022,0.015345963196849324,0.0067902492021457185,0.0037346370611801454,14727
000089,2023,0.020618556701030927,0.001760120693990445,0.003268795574553684,11931
000090,2014,0.012417566998737197,0.003507787287778869,0.004981057948645994,14254
000090,2015,0.014643152734449608,0.004774941109059655,0.0044566117017890115,15707
000090,2016,0.015637407611019484,0.003176348420988333,0.003665017408832692,16371
000090,2017,0.01772525849335303,0.0034655152823542777,0.0041472559936370865,17602
000090,2018,0.015308046150365734,0.0018098182640826485,0.0034688183394917427,13261
000090,2021,0.016973125884016973,0.0025310801756867414,0.004764386213057396,13433
000090,2022,0.014029073827207516,0.0022852789944772423,0.004380118072748048,15753
000090,2023,0.010015317544479792,0.002651113467656416,0.00335807705903146,16974
000096,2014,0.005044459644322845,0.0047024623803009575,0.00436046511627907,11696
000096,2015,0.005651568515029896,0.00720779752641494,0.005487754934884102,12209
000096,2016,0.005231254670763099,0.006144648343436021,0.004899111517063855,12043
000096,2017,0.005057471264367816,0.00671264367816092,0.003770114942528736,10875
000096,2018,0.005080143645441009,0.007532626784619427,0.0038539020758518,11417
000096,2019,0.004952572819608831,0.006883236800134307,0.0035255603122639136,11913
000096,2020,0.0050780949449873046,0.006155266599984612,0.0036162191274909596,12997
000096,2021,0.005424137411481091,0.00504746120235046,0.0033147506403495555,13274
000096,2022,0.00579440589455612,0.0056513341440732525,0.004578296015451749,13979
000096,2023,0.007596685082872928,0.004645906579608237,0.004206428930185836,15928
000099,2014,0.00916362506795061,0.00380523413838627,0.0044264968548574975,12877
000099,2015,0.008544057996030033,0.006472771209113662,0.005264520583412445,11587
000099,2016,0.007342022768520046,0.005857119287246329,0.004867183633063851,12122
000099,2017,0.007907051799257705,0.004034210101662094,0.005002420526060997,12394
000099,2018,0.00640754823264329,0.0040839318405858326,0.004788058019997183,14202
000099,2019,0.004766060280593408,0.005101698328522522,0.004833187890179231,14897
000099,2020,0.006733768074851148,0.005670541536716756,0.005316132690671959,14108
000099,2021,0.008778258778258777,0.006253006253006253,0.004088504088504088,16632
000099,2022,0.0068905539202568904,0.00796093122825796,0.005552582285255552,14948
000099,2023,0.007269454444752146,0.007823317640542785,0.005400166158958737,14444
000100,2022,0.01506242980775583,0.005218999801810134,0.006276012419898263,15137
000100,2023,0.018581668870485072,0.005149975642007099,0.005637135500034797,14369
000151,2014,0.008087491958459701,0.003492326072971234,0.0040437459792298505,10881
000151,2015,0.0060775295663600525,0.004763469119579501,0.0032030223390275953,12176
000151,2016,0.0077850326469111,0.0035158211953792064,0.003683241252302026,11946
000151,2017,0.009225540179655257,0.004208141134579591,0.0033988832240835153,12357
000151,2018,0.007970749542961609,0.00453382084095064,0.003436928702010969,13675
000151,2020,0.007057425154149023,0.007206002525815318,0.005125919322487185,13461
000151,2021,0.008313998453209591,0.005607115235885538,0.003351379221448827,15516
000151,2022,0.00744047619047619,0.007039835164835165,0.004006410256410256,17472
000151,2023,0.007360797815505165,0.0056986821797459335,0.004155289089398077,16846
000153,2014,0.007667269439421338,0.0031103074141048824,0.004701627486437613,13825
000153,2015,0.003915743991358358,0.004793410748042128,0.004860923575479341,14812
000153,2016,0.00574181626187962,0.0031678986272439284,0.004091869060190074,15152
000153,2017,0.006959519856978675,0.003256289107393692,0.00446941642191291,15662
000153,2018,0.006516699041293314,0.003759634062284604,0.0046995425778557556,15959
000153,2019,0.0063685989082401875,0.0048089420327527945,0.004678970626462178,15388
000153,2021,0.006717658796142335,0.0040571998669770536,0.004855337545726638,15035
000153,2023,0.0059492563429571306,0.003674540682414698,0.004374453193350831,17145
000155,2018,0.012026907657810695,0.007882041176870287,0.006183325405993069,14717
000155,2019,0.008975049362771496,0.00676120385328786,0.006162867229103093,16713
000155,2021,0.011220274645528636,0.0019537791671318523,0.004242491905772022,17914
000155,2022,0.013688056398909073,0.003962332115473679,0.00416816755004374,19433
000155,2023,0.016677323103154305,0.0037830349531116796,0.004369138959931799,18768
000156,2015,0.010223340673167663,0.0018087448883296635,0.003067002201950299,12716
000156,2016,0.012086220169361048,0.001539645881447267,0.0029253271747498076,12990
000156,2017,0.011028103877623622,0.0017787264318747777,0.002419067947349698,14055
000156,2018,0.012244626339256005,0.0017302189392426966,0.0027284221734211753,15027
000156,2019,0.013199577613516367,0.001253959873284055,0.00250791974656811,15152
000156,2021,0.01176117611761176,0.0012001200120012002,0.0031803180318031804,16665
000156,2022,0.010206370569762225,0.0008972633467922835,0.0026917900403768506,17832
000156,2023,0.010419026047565118,0.0009626274065685165,0.0027746319365798415,17660
000157,2014,0.008798906543652828,0.004954724073124893,0.008884332820775671,11706
000157,2015,0.00854629241726016,0.004524507750314202,0.006200251361541684,11935
000157,2016,0.009400869931247368,0.005682615406201768,0.007646976287357935,14254
000157,2019,0.01242322724734785,0.0057928531546622,0.006141820212171971,14328
000157,2020,0.012782062267923451,0.003284775778349043,0.004070265638389032,14004
000157,2021,0.011548833391956854,0.004338140461953336,0.005158869738539102,17058
000157,2022,0.012638028978106848,0.005553073338865131,0.005936043913959277,15667
000157,2023,0.015146072796934865,0.004789272030651341,0.005866858237547893,16704
000158,2017,0.01145160258460751,0.0031987716716780756,0.005182010108118483,15631
000158,2018,0.012280279316156995,0.003912834095834337,0.004815795810257645,16612
000158,2021,0.011797524263381182,0.005985935956296856,0.0061021677224385425,17207
000158,2022,0.012169873251527547,0.006211180124223602,0.005958693127303944,19803
000158,2023,0.017178529116923358,0.006470427412740363,0.006470427412740363,21946
000159,2014,0.008086253369272238,0.003893381251871818,0.005241090146750524,13356
000159,2015,0.006922696555134333,0.0034613482775671667,0.0062633921213120156,12134
000159,2016,0.006017125665355242,0.0037028465632955336,0.006017125665355242,12963
000159,2017,0.007610230660599404,0.005727286991997489,0.006198022909147968,12746
000159,2018,0.010442869121122036,0.005488223187742968,0.005716899153898925,13119
000159,2019,0.00880384167636787,0.006912107101280558,0.005311408614668219,13744
000159,2020,0.010046885465505693,0.003944332812383717,0.005953709905484855,13437
000159,2021,0.010295274183170087,0.007935940516193608,0.004575677414742261,13987
000159,2022,0.00815201454460149,0.007389595918127969,0.004985044865403789,17051
000159,2023,0.011617621041457806,0.00748953234652356,0.004422952173143834,16957
000166,2014,0.023399100034614054,0.004015230183454482,0.0069920387677397024,14445
000166,2015,0.026961631524369166,0.012888252431978667,0.01239444965680707,20251
000166,2016,0.016973342168306232,0.01595392221825781,0.010601967480503594,19619
000166,2017,0.013857639599100021,0.013806504397627326,0.010278175496011455,19556
000166,2018,0.012335354380096175,0.013746602550700397,0.010924106209491951,19132
000166,2019,0.015585179376592826,0.011762399529504019,0.011272299549108017,20404
000166,2021,0.02188782489740082,0.005183958528331773,0.003959968320253438,13889
000166,2022,0.016402506450423886,0.005098906499569972,0.003563091288856125,16278
000166,2023,0.018306768306768306,0.005313005313005313,0.0035227535227535228,17316
000333,2014,0.01662269129287599,0.004287598944591029,0.004485488126649077,15160
000333,2015,0.015390792291220557,0.005620985010706638,0.0047510706638115635,14944
000333,2016,0.016692062612550216,0.005402410306136584,0.004986840282587616,14438
000333,2017,0.016811520649622533,0.004884856943475227,0.004440779039522933,15763
000333,2018,0.017394968099193452,0.005296737691103889,0.004454074876610088,16614
000333,2019,0.02086820667336235,0.004352192835621024,0.004073206115388908,17922
000333,2021,0.023398613760059542,0.0009768804949527841,0.0006047355444945806,21497
000333,2022,0.024563365740342423,0.0015916716854512604,0.0007313086122343629,23246
000333,2023,0.022944550669216062,0.0013784516874916625,0.0006225265685446218,22489
000338,2017,0.009362928042951614,0.0036666011916453873,0.005499901787468081,15273
000338,2018,0.00998038536979347,0.003172954886350525,0.005019037729318103,17334
000338,2019,0.009658436740437508,0.0027504157605219392,0.004605347319943712,15634
000338,2020,0.012315418186166079,0.005858791175943086,0.0037663657559634123,16727
000338,2021,0.010979467774951925,0.0024812356553563673,0.003969977048570188,16121
000338,2022,0.011937706875033914,0.0021704921590970754,0.004340984318194151,18429
000338,2023,0.010012865693348996,0.0019018851037646137,0.004475023773563797,17877
000400,2015,0.0071434870799894174,0.0034394567422171268,0.005203280712584884,11339
000400,2016,0.009938837920489297,0.0027183146449201497,0.004672103295956507,11772
000400,2017,0.010245265445513815,0.0040360136603539275,0.005277864017385905,12884
000400,2018,0.009972299168975069,0.003601108033240997,0.006094182825484765,10830
000400,2019,0.012645623817584387,0.0038833018022503235,0.005974310465000498,10043
000400,2020,0.019079685746352413,0.003775124987246199,0.0038771553923069076,9801
000400,2021,0.014941939890710382,0.002305327868852459,0.003159153005464481,11712
000400,2022,0.012117301211730122,0.0035850003585000357,0.003513300351330035,13947
000400,2023,0.012278940458722682,0.0016217468530388447,0.003320719746698587,12949
000401,2015,0.008316008316008316,0.005239085239085239,0.003908523908523909,12025
000401,2016,0.007900934437438273,0.0025829977968548205,0.0031147914609131657,13163
000401,2017,0.00977975016436555,0.0050131492439184746,0.004848783694937541,12168
000401,2018,0.014269870609981515,0.005027726432532347,0.004879852125693161,13525
000401,2019,0.01659595707511854,0.004180184676815572,0.0032443224357374596,16028
000401,2020,0.009944673996778486,0.004692205336508159,0.0042720078436865325,14279
000401,2022,0.011374876360039565,0.00370919881305638,0.0036473788328387734,16176
000401,2022,0.011374876360039565,0.00370919881305638,0.0036473788328387734,16176
000401,2023,0.011506744230646295,0.00677619382471393,0.0029406124144984976,15643
000401,2023,0.011506744230646295,0.00677619382471393,0.0029406124144984976,15643
000403,2019,0.010689191209448348,0.0036627298549857974,0.005606219165794588,13378
000403,2021,0.012376399711872176,0.0026193438543644816,0.0034051470106738263,15271
000403,2022,0.012142577359968664,0.0026113069591330463,0.0037863950907429168,15318
000403,2023,0.009542743538767396,0.0026507620941020544,0.004108681245858184,15090
000404,2019,0.015433320142461416,0.008640021105395067,0.006859253396649519,15162
000404,2021,0.011427354673859039,0.006104052807154518,0.005891120732486337,14089
000404,2022,0.011405852831910318,0.006387277585869777,0.005474809359316953,15343
000404,2023,0.013356643356643357,0.006573426573426574,0.005314685314685315,14300
000407,2022,0.021402000096623026,0.0062321851297164116,0.0043480361370114495,20699
000407,2022,0.01407180227313729,0.0054723675506645015,0.006193998436466414,16629
000407,2023,0.015474286893279001,0.0037138288543869602,0.0040233145922525405,19387
000407,2023,0.012566718464968584,0.0053374771974866566,0.00743193027498142,14801
000407,2023,0.0074203710185509275,0.00840042002100105,0.004690234511725586,14285
000407,2023,0.008971854424426598,0.005498878518196947,0.0050647565299182405,13821
000407,2023,0.02179014415018438,0.004425075427422058,0.006302380154207174,14915
000407,2023,0.013050326258156454,0.00997524938123453,0.006975174379359484,13333
000407,2023,0.009590609791010592,0.006942456341253936,0.004580589750930432,13972
000407,2023,0.01808516468460569,0.010631884693374253,0.004329478818435907,18247
000408,2021,0.015112631879098944,0.003478756772169946,0.004049044767607642,17535
000408,2022,0.01271117388234016,0.0020098864685751533,0.003639524145798251,18409
000408,2023,0.015613952392175348,0.004772566580249824,0.004772566580249824,16972
000409,2015,0.00806057645334636,0.004070998208760788,0.005129457743038593,12282
000409,2017,0.009660896064319522,0.0033067496595992995,0.0022044997730662,15423
000409,2018,0.007281373058919682,0.004235084330187979,0.0019317928523664462,13459
000409,2021,0.009668678408671019,0.004680379357063677,0.0031407808843453627,16238
000409,2022,0.013030267617155545,0.0019866775739160922,0.0030968797475750846,17114
000409,2023,0.014099783080260303,0.0016871535309713184,0.0025307302964569776,16596
000410,2014,0.008432708688245315,0.0022998296422487223,0.005025553662691653,11740
000410,2015,0.009113878361306624,0.003338747518498466,0.005955603681645912,11082
000410,2016,0.010419600112644326,0.0018774054257016802,0.006101567633530461,10653
000410,2017,0.008418367346938776,0.0013605442176870747,0.0037414965986394557,11760
000410,2018,0.0061370044783546195,0.0022391773096699288,0.005971139492453143,12058
000410,2019,0.008309659090909092,0.003125,0.0046875,14080
000410,2021,0.009062546426979647,0.006016936562175011,0.005051255385529639,13462
000410,2022,0.009495803467499847,0.006248851314096674,0.004717270109661214,16323
000410,2023,0.008809156378600823,0.005401234567901234,0.004308127572016461,15552
000411,2014,0.008143322475570033,0.0031832987859046493,0.005552265324252295,13508
000411,2015,0.009117688315331744,0.002314490110814981,0.004488708093701782,14258
000411,2016,0.00980166934681063,0.0029864461291063634,0.0044413814227735665,13059
000411,2017,0.014428639488191656,0.002245967467501531,0.003811338732729871,14693
000411,2018,0.013964651974689069,0.0048003491162993675,0.005309477052876573,13749
000411,2019,0.01696883669914188,0.004451900122588554,0.005419704497064326,15499
000411,2020,0.011972402597402598,0.005005411255411255,0.006087662337662338,14784
000411,2021,0.009536336731338375,0.004340677408747122,0.0038145346925353503,15205
000411,2022,0.01197936886473296,0.004159503078032278,0.0037158227497088346,18031
000411,2023,0.012828875842574472,0.0029354207436399216,0.003587736464448793,18396
000415,2014,0.006214093094149373,0.004220893422441084,0.004924375659514597,17058
000415,2018,0.010722560482784632,0.009968209494046015,0.006950805539091546,18559
000415,2021,0.010533333333333334,0.012266666666666667,0.008933333333333333,15000
000415,2022,0.012677703243276509,0.012554618745768971,0.008985168318050341,16249
000415,2023,0.012459967974379503,0.0122097678142514,0.008306645316253003,19984
000416,2023,0.004585214446952596,0.00712471783295711,0.0052906320541760725,14176
000417,2023,0.013962472406181016,0.005298013245033113,0.0033664459161147904,18120
000419,2014,0.01081219138430104,0.0027243316873829387,0.004512174357227993,11746
000419,2015,0.010135950446464485,0.005067975223232242,0.0061137478883436566,12431
000419,2017,0.009344350915128582,0.005174144721600124,0.006100857209050892,12949
000419,2018,0.00927404028886355,0.002128468263017864,0.004104903078677309,13155
000419,2019,0.006994619523443505,0.0029208301306687164,0.005457340507302075,13010
000419,2020,0.007008989791254,0.0030473868657626088,0.003961602925491391,13126
000419,2021,0.008014477766287487,0.00639865563598759,0.004265770423991727,15472
000419,2022,0.009091471334034262,0.006741295070814521,0.0055662069392046504,16169
000420,2014,0.004754590008046229,0.001828688464633165,0.003949967083607637,13671
000420,2015,0.006642820643842616,0.005109862033725089,0.005024697666496338,11742
000420,2016,0.006927057252545485,0.0005842096478050409,0.003922550492405275,11982
000420,2017,0.005519176800748363,0.00028063610851262864,0.003835360149672591,10690
000420,2018,0.005188839741408643,0.003232391970057843,0.003572643756379721,11756
000420,2019,0.00552057275942379,0.0017251789873199345,0.0036228758733718625,11593
000420,2020,0.008063021316033364,0.0035217794253938834,0.004170528266913809,10790
000420,2021,0.011380597014925373,0.0065298507462686565,0.004850746268656716,16080
000420,2022,0.014317856412354264,0.0073634690120679075,0.004499897729597055,14667
000421,2016,0.0072715253677078165,0.005536274995868452,0.0050404891753429186,12102
000421,2017,0.00733792268704138,0.003706785687268326,0.004765867312202133,13219
000421,2019,0.009308623170009309,0.0038926969620038925,0.005162054667005162,11817
000421,2021,0.008335041333606614,0.003552640568422491,0.003484320557491289,14637
000421,2022,0.010316018888485289,0.002106792589901925,0.003777697057755176,13765
000421,2023,0.010409670920080591,0.00409670920080591,0.0034922766957689723,14890
000422,2017,0.0035370568396808424,0.006416056592909435,0.005017685284198404,12157
000422,2018,0.0036626916524701873,0.0020442930153321977,0.004855195911413969,11740
000422,2021,0.010998132392612575,0.00394272670678564,0.004911115722487376,14457
000422,2022,0.01129258644889626,0.003955595253285696,0.0022329973204032157,15674
000422,2023,0.015246262878923233,0.005300458579000655,0.003394675719135251,16791
000423,2014,0.00735773493527056,0.001303902393592251,0.004191114836546521,10737
000423,2015,0.011103339744710613,0.001398845952089526,0.004633677216296555,11438
000423,2016,0.012821797054993488,0.001402384052889913,0.004307322448161875,9983
000423,2017,0.01138766878151944,0.0012201073694485115,0.0039856840735318045,12294
000423,2019,0.010121629667432169,0.001786169941311559,0.005953899804371864,11757
000423,2021,0.011562550184679622,0.004335956319254858,0.0028103420587762967,12454
000423,2022,0.007398753894080997,0.005841121495327103,0.003426791277258567,12840
000423,2023,0.00896124262564409,0.0050033604659846164,0.0031364349189754314,13391
000425,2014,0.008365183529242086,0.00439893271796351,0.005336410182447538,13867
000425,2015,0.0066749558274982,0.005235259472547608,0.004842615012106538,15281
000425,2016,0.011127440688641613,0.004898873259150395,0.005808664007278326,14289
000425,2017,0.014694148936170213,0.003324468085106383,0.003523936170212766,15040
000425,2018,0.015080835836155665,0.003450699725222059,0.004281423733145888,15649
000425,2019,0.013632668375961478,0.005565630667250328,0.00575323619535989,15991
000425,2021,0.010692177827799663,0.0050021884574501345,0.006440317638967048,15993
000425,2022,0.013356484573260318,0.005209028983571524,0.007279284092426873,14974
000425,2023,0.015183837369808006,0.005019450370184465,0.006839001129376333,15938
000426,2014,0.0070706240236783685,0.006166241881114857,0.006084025322699992,12163
000426,2016,0.005766120525982701,0.00660994304198017,0.0043597496659869206,14221
000426,2017,0.00603496115427303,0.005618756936736959,0.003676470588235294,14416
000426,2018,0.0049187472760102114,0.007097939107153975,0.0037980200485648466,16061
000426,2019,0.006276588325545714,0.006764767417532604,0.003486993514192064,14339
000426,2020,0.005788376939106275,0.00632862545342286,0.004553523192096936,12957
000426,2022,0.013452014455896132,0.008164904296613573,0.005019408379065721,14942
000426,2023,0.017543859649122806,0.006797436395416585,0.004207936816210268,15447
000428,2019,0.007952439777640518,0.005945027794935145,0.006022235948116121,12952
000428,2021,0.009288126786178227,0.004156923876331515,0.004416731618602235,15396
000428,2022,0.00743360709789581,0.004855823991367424,0.004675978658353816,16681
000428,2023,0.008203753351206435,0.005361930294906166,0.0039142091152815014,18650
000429,2021,0.005206501090550904,0.004291845493562232,0.004010413002181102,14213
000429,2022,0.004498106060606061,0.004912405303030303,0.004083806818181818,16896
000429,2023,0.005285039813966598,0.00394616306109506,0.0034528926784581776,14191
000430,2014,0.007371849819989714,0.003000171438367907,0.003343048174181382,11666
000430,2015,0.00551387507909247,0.004609961131700262,0.004700352526439483,11063
000430,2016,0.00705555003478088,0.003378714101162675,0.004173705654377422,10063
000430,2017,0.009255016952258773,0.0036653532484193165,0.003848620910840282,10913
000430,2018,0.00898078529657477,0.005012531328320802,0.004594820384294068,9576
000430,2019,0.0071010459648786104,0.005373764513962192,0.00460608386911045,10421
000430,2020,0.007243500694582258,0.0034729112919230005,0.004365945624131772,10078
000430,2021,0.005179141539553033,0.003689251507626818,0.002128414331323164,14095
000430,2022,0.0049316612653233765,0.00429759053121037,0.0031703536705650274,14194
000430,2023,0.005930470347648262,0.0031356509884117247,0.003340149965916837,14670
000488,2014,0.01353429713934174,0.003691171947093202,0.003691171947093202,16255
000488,2015,0.014757738017500327,0.003526185190022202,0.00450568107613948,15314
000488,2016,0.012896025792051584,0.004836009672019344,0.006262012524025048,16129
000488,2017,0.0169664498022707,0.005038908023982651,0.006697282816685802,15678
000488,2018,0.012674191310927549,0.004540008827794943,0.005170565609433129,15859
000488,2019,0.01654895443844343,0.004708489128929511,0.004777731616119651,14442
000488,2022,0.013608709574127442,0.0037357241968192976,0.0035756217312413277,18738
000488,2023,0.012786919610103763,0.005397757048527408,0.0037731893931453727,19082
000498,2014,0.00762684649967887,0.0050578034682080926,0.007064868336544637,12456
000498,2015,0.007548387096774194,0.0033548387096774194,0.007290322580645161,15500
000498,2016,0.009120039438008381,0.002772984964259305,0.004498397830909539,16228
000498,2017,0.012519351147607188,0.0027596419196338428,0.005451975499764421,14857
000498,2018,0.015595009596928982,0.0027191298784388996,0.006317978246960973,12504
000498,2019,0.01299973288220105,0.0036506099189742677,0.006588905707416971,11231
000498,2020,0.01390199948511113,0.0018021110443662575,0.004033296146914957,11653
000498,2021,0.014563440269286253,0.0022669506079549357,0.004121728378099883,14557
000498,2022,0.015146970605878824,0.003149370125974805,0.004574085182963408,13336
000498,2023,0.013601917222618045,0.0031090096508841246,0.0042748882699656715,15439
000501,2014,0.01001669449081803,0.0032406952764411274,0.005106550132573898,10183
000501,2015,0.0219131245629031,0.003963011889035667,0.0027974201569663532,12869
000501,2016,0.009911361804995971,0.00346494762288477,0.004351329572925061,12410
000501,2017,0.009322469353299567,0.002715995008441606,0.0038170740659179327,13623
000501,2018,0.007534295259080248,0.004051460658184661,0.003767147629540124,14069
000501,2019,0.008187134502923977,0.004223521767381416,0.004873294346978557,15390
000501,2021,0.008385465193664315,0.0037934247304671903,0.0035937707972847066,15026
000501,2022,0.006473748948015796,0.004337411795170583,0.003948986858289635,15447
000501,2023,0.008799336861569853,0.004782248294331441,0.0031244022189632088,15683
000502,2021,0.004464285714285714,0.0034821428571428573,0.002857142857142857,11200
000503,2018,0.00484198128639665,0.003925930772754041,0.005365438722763855,15283
000503,2019,0.011203734578192731,0.0032677559186395466,0.004601533844614872,14995
000503,2021,0.010341327242735694,0.0030452988199467074,0.003616292348686715,15762
000503,2022,0.009712344761702579,0.00472349007536355,0.0031843753317057637,18842
000503,2023,0.011493114039433271,0.004408996334092936,0.003963142772218369,20186
000504,2016,0.008648648648648649,0.002702702702702703,0.005096525096525096,12950
000504,2021,0.0075524939829031456,0.0007469499543530584,0.0028218109386671094,12049
000504,2022,0.008505670446964642,0.003752501667778519,0.004336224149432955,11992
000504,2023,0.010551142005958292,0.004468718967229395,0.004592850049652433,16112
000505,2017,0.009657275631716526,0.0035579436537902993,0.003920999128666861,13772
000505,2018,0.00913033553983109,0.004793426158411321,0.0060108042303888,13143
000505,2019,0.008528301886792452,0.005056603773584906,0.006339622641509434,13250
000505,2021,0.011078483715963695,0.0033368926855312335,0.00600640683395622,14984
000505,2022,0.010108163790883338,0.006052021632758177,0.007597218645377286,15532
000505,2023,0.010335587597294884,0.0052315937220875335,0.006954191654970014,15674
600000,2015,0.024530767403183655,0.018531717747683536,0.015205511998099311,16836
600000,2018,0.026323339549562473,0.010687132405680677,0.008607086501219337,13942
600000,2020,0.026088843087270164,0.011715571947713836,0.010088409177198025,18437
600000,2021,0.023094688221709007,0.008988202983584046,0.006116971474939142,16021
600000,2023,0.0247504373777915,0.010445610785221776,0.006689307399403108,19434
600004,2015,0.009657881813717467,0.005156326731052545,0.006711409395973154,12218
600004,2016,0.008415629025332761,0.0036925719192786605,0.0065264061829111205,11645
600004,2017,0.009160433649886545,0.0029414236490461383,0.006219010000840406,11899
600004,2019,0.008097165991902834,0.0052294197031039135,0.004554655870445344,11856
600004,2020,0.0065195966947160944,0.00507922068076719,0.005003411416875142,13191
600004,2021,0.006047546225497011,0.004101209509245099,0.0044487696371472265,14386
600004,2022,0.005237887385421213,0.004946893641786702,0.00501964207769533,13746
600004,2023,0.009044208089139714,0.0027494392590984734,0.0040518052239345926,13821
600006,2015,0.009794605657481179,0.003727797675608508,0.004458738396316058,13681
600006,2015,0.013909744724571248,0.00561131747411681,0.005374219552675255,12653
600006,2016,0.011339306954246293,0.004995638728094521,0.006978035048766949,12611
600006,2017,0.012259434285322923,0.003218957605643449,0.004246284501061571,14601
600006,2017,0.012646058275403048,0.004067445644135483,0.005472563230291377,13522
600006,2018,0.009165636138793919,0.0029097257583472758,0.005019276933149051,13747
600006,2019,0.01550195324610901,0.004278539095926087,0.005208656290692627,16127
600006,2019,0.010603098210257181,0.003308768235824936,0.005790344412693638,13298
600006,2020,0.012447542499466533,0.002987410199871968,0.004623372928373284,14059
600006,2021,0.017591526594519916,0.0029933225880727607,0.0031314759382915034,21715
600006,2021,0.011554256281756804,0.0052899004663464885,0.00591633604788752,14367
600006,2022,0.012974465148378193,0.006280193236714976,0.005383022774327122,14490
600006,2022,0.01707394191246217,0.0030263336194046703,0.003161841094900402,22139
600006,2023,0.010466845078798692,0.005590246803449301,0.007017543859649123,16815
600007,2014,0.010561056105610561,0.003488920320603489,0.004997642621404998,10605
600007,2015,0.009429020429544265,0.0026191723415400735,0.003754147022874105,11454
600007,2016,0.009839420654911838,0.0023614609571788415,0.0033847607052896727,12704
600007,2017,0.009928385416666666,0.0021158854166666665,0.00341796875,12288
600007,2018,0.009572901325478646,0.0023727704140075272,0.0033546064473899523,12222
600007,2019,0.008697898725456425,0.0038753014123320702,0.0042197726489838095,11612
600007,2020,0.007810488370096988,0.003175693073555918,0.004205647583898377,11651
600007,2021,0.005472350230414746,0.0037442396313364054,0.004512288786482335,10416
600007,2022,0.005532503457814661,0.005106926268751995,0.005000531971486328,9399
600007,2023,0.0050990390272602475,0.004020396156109041,0.004608746813100608,10198
600008,2014,0.009809119830328738,0.0034994697773064686,0.00408271474019088,18860
600008,2015,0.011464566929133859,0.004724409448818898,0.0036535433070866144,15875
600008,2016,0.010076045627376426,0.0032953105196451204,0.0034220532319391636,15780
600008,2017,0.010583108528740403,0.0040118973507643355,0.0040118973507643355,14457
600008,2018,0.0135250569476082,0.0034880410022779043,0.0032033029612756263,14048
600008,2020,0.01563717306622148,0.003617139677239844,0.0025598219254312745,17970
600008,2021,0.013645754050233772,0.0023377188213547897,0.0033706643470696965,18394
600008,2022,0.015195544254752391,0.004237801186584332,0.003329700932316261,16518
600008,2023,0.016013354766909856,0.003586002225794485,0.0037096574749598123,16174
600009,2014,0.010010845082172353,0.004838575123049971,0.006340201885375824,11987
600009,2015,0.013670779584969154,0.005678631519910263,0.0060992708917554685,14264
600009,2016,0.014655557208748698,0.004463621484898081,0.005133164707632793,13442
600009,2017,0.012843907916900618,0.0032987085906793934,0.004632229084783829,14248
600009,2018,0.011122625215889465,0.0034542314335060447,0.005112262521588947,14475
600009,2019,0.010309955345416339,0.004465458366167586,0.004728132387706856,15228
600009,2021,0.008228840125391849,0.005709807433945365,0.004142409314823108,17864
600009,2022,0.00970466348423648,0.007448984944657189,0.004826102921890573,19063
600009,2023,0.012959912136188908,0.005381658429434377,0.0047775947281713345,18210
600010,2014,0.006388055106595859,0.0030785807742630647,0.005849303471099823,12993
600010,2015,0.0119365164043745,0.006935182715390771,0.005534809282475327,14996
600010,2016,0.01556353685650761,0.0051878456188358705,0.004731771278718431,17541
600010,2017,0.01875957120980092,0.004747320061255743,0.0031393568147013782,13060
600010,2018,0.01529404236257759,0.005119344723875344,0.003967492161003392,15627
600010,2019,0.016093016093016093,0.006622006622006622,0.003619003619003619,12987
600010,2021,0.014661406969099277,0.003287310979618672,0.002695595003287311,15210
600010,2022,0.012084779375309867,0.00495785820525533,0.003656420426375806,16136
600010,2023,0.014018993475030687,0.0024549389495445444,0.0030363718586471993,15479
600011,2014,0.007586657946370177,0.0028776978417266188,0.006147809025506867,15290
600011,2015,0.007796852646638055,0.0027896995708154505,0.00586552217453505,13980
600011,2016,0.008203559510567298,0.0035456062291434926,0.006604560622914349,14384
600011,2017,0.0131167595487291,0.005572923746092157,0.006524398532010331,14714
600011,2018,0.01336203696830228,0.004528245861480216,0.00675525202286393,13471
600011,2019,0.007305470608222901,0.0022086306489976213,0.00016989466530750936,11772
600011,2019,0.012554972336501631,0.005036175344020429,0.005461767626613704,14098
600011,2021,0.012389816926585712,0.00431486161622388,0.004438143376687419,16223
600011,2021,0.008201245958520622,0.0014983045501143443,0.00031543253686617775,12681
600011,2022,0.013027908125463077,0.004445542109162756,0.00395159298592245,16196
600011,2022,0.009036583588398192,0.0016761405042996648,0.0003643783704999271,13722
600011,2023,0.013484646194926569,0.005407209612817089,0.004405874499332443,14980
600012,2014,0.01546939959392826,0.010248477230977472,0.009281639756356956,10343
600012,2015,0.01918381583536798,0.0077607254970352285,0.005755144750610394,11468
600012,2016,0.019671354084373517,0.008137146468636435,0.0056091009638173485,12658
600012,2017,0.021946484342027516,0.004136068202920571,0.004980163754537014,11847
600012,2018,0.019011406844106463,0.006567576909782233,0.005703422053231939,11572
600012,2019,0.014856834143706105,0.006032775076535206,0.006212857914640735,11106
600012,2021,0.01614080622921567,0.00559656095384865,0.005839889690972504,12329
600012,2022,0.014199935086011035,0.007302823758519961,0.005679974034404414,12324
600012,2023,0.01809993201903467,0.006203263086335826,0.006033310673011557,11768
600015,2014,0.025294748124330118,0.014362272240085745,0.014362272240085745,13995
600015,2015,0.024996398213513904,0.013686788647168996,0.012390145512174038,13882
600015,2016,0.027497389488339713,0.015315001740341106,0.013505046989209886,14365
600015,2017,0.02714963707426019,0.01423785594639866,0.012841987716359575,14328
600015,2018,0.02403014578700272,0.013281443044230293,0.011057573511242896,16188
600015,2019,0.03010907190908497,0.010058128143165045,0.005420939194043498,15311
600015,2020,0.02915049022833454,0.008620122392577482,0.005066789497927222,15197
600015,2021,0.03192407247627265,0.008135091827930482,0.00585480093676815,16226
600015,2022,0.03171860536871336,0.009935205183585313,0.006109225547670472,16205
600015,2023,0.027976414502571822,0.009346380629782963,0.0053945552628277505,15942
600016,2014,0.024036397974075027,0.00695338655678599,0.006094943771997596,11649
600016,2015,0.02532452018794298,0.005574579915584933,0.004300390220594091,12557
600016,2016,0.030213270142180094,0.006939742721733243,0.00516249153689912,11816
600016,2017,0.02632453080883574,0.009300780601229032,0.008387311077894038,12042
600016,2018,0.023781611120415342,0.010216044213699548,0.008959973203818456,11942
600016,2019,0.025128545364073645,0.00962016918228562,0.008459114280975287,12058
600016,2020,0.02493235407808272,0.012756088132972555,0.00840742172400464,10348
600016,2021,0.024658740642888595,0.011712901805372083,0.005724350506384853,11355
600016,2022,0.02216278181123424,0.012132212457011845,0.006400458540313336,10468
600016,2023,0.023255813953488372,0.010428202288667405,0.008213362864525656,10836
600017,2014,0.00887865833607366,0.004669516606379481,0.0048010522854324235,15205
600017,2016,0.01137201868699287,0.004917629702483403,0.00387263339070568,16268
600017,2017,0.012682574983470578,0.00324577748392138,0.003606419426579311,16637
600017,2018,0.016869781087790567,0.0039494470774091624,0.0042315504400812455,17724
600017,2019,0.01477896939576249,0.004839131572063824,0.0043813758828145435,15292
600017,2020,0.015207617032531076,0.002512562814070352,0.00495900555408622,15124
600017,2022,0.006853963083604777,0.0029180238870792617,0.004478827361563518,14736
600017,2023,0.007482552701633211,0.003957119217209871,0.005611914526224908,13899
600018,2014,0.01003171315772442,0.0022652255517442237,0.004465730373438613,15451
600018,2015,0.01235684147076552,0.0027124773960217,0.004279686558167571,16590
600018,2016,0.01437709054632944,0.0022885980869667274,0.0034035561293351327,17041
600018,2017,0.014412292507851055,0.0016823687752355316,0.002187079407806191,17832
600018,2018,0.01297865493939719,0.0027351710822696557,0.002788801887804355,18646
600018,2019,0.01296662108088943,0.003494909588208479,0.0028364483614445627,19743
600018,2021,0.014127857106816692,0.002018265300973813,0.0035824209092285182,19819
600018,2022,0.01178496475273099,0.002206317602109455,0.0033901953398267235,18583
600018,2023,0.011758557616932322,0.0026130128037627383,0.0032923961327410503,19135
600019,2014,0.013178939287313672,0.005245985541552044,0.004414304906915745,15631
600019,2015,0.009138058779945666,0.007100518646579402,0.004939491232403063,16196
600019,2016,0.01217750257997936,0.006398348813209494,0.004265565875472996,14535
600019,2017,0.011282774536829285,0.0074363741265465735,0.004551573818834541,15599
600019,2018,0.010975357216815076,0.00676468558017533,0.004762890867674467,14487
600019,2019,0.010635603950367181,0.008736388959230184,0.004874651810584958,15796
600019,2020,0.012348639251888264,0.006713823282580026,0.005934540222994845,16682
600019,2021,0.012138244439129395,0.004783544606553456,0.003527864147333174,16724
600019,2022,0.010917169152649953,0.006029831799428753,0.004189146302761028,15755
600019,2023,0.0100067530235128,0.007182761372705506,0.005034072073178218,16289
600020,2014,0.019499818774918447,0.003117071402682131,0.004276911924610366,13795
600020,2015,0.01585445094217024,0.003183885640025991,0.0029889538661468486,15390
600020,2016,0.012409792945302488,0.0055304512038848045,0.003979227085721994,14827
600020,2017,0.010195412064570943,0.0043188898329085245,0.0043188898329085245,14124
600020,2018,0.00856264637002342,0.004464285714285714,0.004098360655737705,13664
600020,2019,0.008339019028125236,0.004472746569630809,0.0047759836251989995,13191
600020,2021,0.010592954744891563,0.0031966904851447914,0.003510091513100163,15954
600020,2022,0.009007219021127227,0.005099675475197033,0.003510166236174581,15099
600020,2023,0.009496310555020853,0.003529034327879371,0.003721527109400064,15585
600021,2015,0.01235762674011762,0.005285490955110548,0.006327700439216854,13433
600021,2017,0.013470268661159485,0.005283917541117809,0.004465282429113641,13437
600021,2019,0.013028926607697824,0.005558211809705953,0.004960554625866603,16732
600021,2020,0.012306634582330698,0.004881402543829494,0.004950154692334135,14545
600021,2021,0.016355854478752676,0.0055793335371446045,0.005808621216753286,13084
600021,2022,0.01508788303002022,0.0043552652045419195,0.005055218540986156,12858
600021,2023,0.028641072516758074,0.0042656916514320535,0.0006093845216331506,1641
600022,2014,0.010790972830850131,0.006189745836985101,0.0041082383873794915,18256
600022,2015,0.01397314429827551,0.006270874514348034,0.002794628859655102,14671
600022,2015,0.01418783306803239,0.006159595819779915,0.0031836113225828778,14449
600022,2016,0.015194749607647311,0.006134969325153374,0.0027108003994863747,14018
600022,2017,0.01848998459167951,0.005252836531727132,0.004202269225381706,14278
600022,2018,0.016484942886812046,0.0031801661474558673,0.0033748701973001036,15408
600022,2019,0.009693779289978815,0.005264171534955383,0.00372343840277332,15577
600022,2021,0.011232331918095341,0.004998118987477831,0.0031171064653087548,18607
600022,2022,0.009632892804698973,0.00657856093979442,0.003406754772393539,17025
600022,2023,0.008088548318433376,0.0060207991242474,0.004317946846682479,16443
600023,2014,0.007274004213905889,0.003762415972709943,0.005016554630279924,19934
600023,2015,0.007253094835578339,0.005289851120684954,0.005944265692316082,18337
600023,2016,0.009736057178231752,0.005290111992796443,0.005965445438685351,17769
600023,2017,0.008342875838377228,0.004307759419815693,0.006434374829598124,18339
600023,2018,0.007613563659628919,0.0036468330134357004,0.005566218809980806,15630
600023,2019,0.00548141086749285,0.003515252621544328,0.006375119161105815,16784
600023,2021,0.007037429158622407,0.004110356853708663,0.006788316622034004,16057
600023,2022,0.005541825806934771,0.003744476896577548,0.005991163034524077,13353
600025,2017,0.015451130484088171,0.00567013962718832,0.004890495428449926,14109
600025,2018,0.013464871350486601,0.005065991201173177,0.0037328356219170776,15002
600025,2019,0.01300227723499596,0.004113714831411151,0.0040402556379930945,13613
600025,2021,0.010995837733739206,0.004100142883767161,0.004224389637820712,16097
600025,2022,0.013312034078807242,0.005524494142705005,0.006256656017039404,15024
600025,2023,0.01020408163265306,0.005698383249403658,0.005168301086668434,15092
600026,2016,0.010346487006737248,0.010045717035611164,0.007459095283926853,16624
600026,2017,0.012854317732366513,0.008294880246099758,0.006866622720281257,18204
600026,2018,0.010353895036704284,0.005368686315328147,0.005478251342171579,18254
600026,2019,0.012105871347603587,0.005117481978759698,0.006493149177351015,18173
600026,2021,0.009327790733042685,0.007857649802291393,0.006235425326979621,19726
600026,2022,0.013453171513624913,0.005495763682161667,0.007270437371193038,17468
600026,2023,0.014481795975340234,0.005815982319413749,0.0075026171920437364,17194
600027,2014,0.010801286961850773,0.0032940094990041367,0.005362341044890455,13054
600027,2015,0.009984639016897081,0.005120327700972862,0.004949650110940434,11718
600027,2016,0.007544155498358037,0.005325286234135085,0.004704002840152658,11267
600027,2017,0.009133192389006343,0.00507399577167019,0.004735729386892177,11825
600027,2019,0.01086495204142263,0.004753416518122401,0.005432476020711315,11781
600027,2021,0.008077212677116846,0.0035594496543226778,0.00376480251899514,14609
600027,2022,0.009931532616055977,0.0036114664058385375,0.004288616356933263,13291
600027,2023,0.010503700167104321,0.0038195273334924802,0.00453568870852232,12567
600028,2014,0.01760513186029936,0.00684248039914469,0.0040627227369921595,14030
600028,2016,0.01544771018455229,0.005126452494873548,0.003417634996582365,14630
600028,2017,0.021354780558829646,0.003328017749427997,0.00402135478055883,14423
600028,2018,0.019220501868659905,0.005072076882007475,0.004137746930058729,14984
600028,2019,0.016440451156566623,0.007328108073663417,0.004460587523099471,15693
600028,2021,0.01896144314448735,0.003285113249956775,0.0035156475131116363,17351
600028,2022,0.018126701311556546,0.005258599356594902,0.003093293739173472,16164
600028,2023,0.018161180476730987,0.00460335477361584,0.0035944003026863415,15858
600029,2015,0.012068422709623255,0.003463112603631021,0.000629656837023822,9529
600029,2016,0.011783271962125197,0.0008416622830089426,0.00010520778537611783,9505
600029,2017,0.01818297412422913,0.006675567423230975,0.0054676076037891794,15729
600029,2018,0.017861032454802875,0.009220939519349452,0.00631670659986931,13773
600029,2019,0.0175306598450079,0.009781054849146039,0.006921977277857197,13291
600029,2021,0.013112684944954772,0.00827431456419606,0.005960311338615805,14261
600029,2022,0.012350847812434583,0.009280580559625986,0.005861419300816412,14331
600029,2023,0.012589928057553957,0.007504341354502605,0.005891838253535103,16124
600030,2014,0.015738498789346248,0.012711864406779662,0.01316585956416465,19824
600030,2015,0.014411147165489597,0.01359992364955144,0.012550104981866768,20956
600030,2016,0.012857492055732094,0.018137374725006112,0.012124175018332926,20455
600030,2017,0.012922600900941893,0.016153251126177368,0.012649588205851572,21977
600030,2018,0.013570581257413998,0.016417556346381968,0.012906287069988137,21075
600030,2019,0.017814023417923368,0.013576928333864868,0.012392364116816256,21949
600030,2020,0.015334648906429863,0.011840157868771583,0.010812366387107383,24324
600030,2021,0.010951197531201355,0.01067810033590955,0.009121446322746266,36617
600030,2022,0.010254752739987659,0.009608321335174683,0.007198895189962683,34033
600030,2023,0.01800672778840446,0.010157641316535848,0.00685970582415408,15161
600031,2014,0.008417132216014898,0.0039478584729981375,0.0052141527001862194,13425
600031,2015,0.009008271230857423,0.004340348865776758,0.006142003111948243,12211
600031,2016,0.008871083130633853,0.0035055086564601515,0.004864787523250823,13978
600031,2017,0.01318039327443716,0.003419777714448561,0.006554573952693075,14036
600031,2018,0.014125129418725041,0.0031060494009761868,0.005250702558793078,13522
600031,2019,0.015965372880153268,0.005250833747250408,0.006173277513659263,14093
600031,2021,0.017430436711668884,0.005450972935285542,0.0050072890917157884,15777
600031,2022,0.014424227914771368,0.005865453674886282,0.005326789561886521,16708
600031,2023,0.011180202248602474,0.004836379624395453,0.006155392249230576,15921
600033,2014,0.012138257715935163,0.003996743394271335,0.006217156391088743,13511
600033,2015,0.01201611251450809,0.0058715095241346354,0.0064859698231719805,14647
600033,2016,0.011220651186924373,0.00687508107406927,0.0065507847969905305,15418
600033,2017,0.010708722741433021,0.0053219106957424715,0.006100726895119419,15408
600033,2018,0.01370617389708132,0.005078626935079239,0.0059964510799730775,16343
600033,2019,0.0118378024852845,0.005297580117724003,0.006213211249182472,15290
600033,2020,0.012250161186331399,0.005029013539651838,0.005738233397807866,15510
600033,2021,0.010654737698251322,0.00398535990239935,0.005937372915819439,12295
600033,2022,0.011343416370106761,0.004967378410438908,0.0054863582443653615,13488
600033,2023,0.011647370623517924,0.0036964709164458084,0.005370344538987306,14338
600035,2014,0.005315406863128274,0.0028140389275384974,0.0048464003752051905,12793
600035,2015,0.008,0.0033613445378151263,0.0043025210084033615,14875
600035,2016,0.008184855233853006,0.004955456570155902,0.004510022271714922,17960
600035,2017,0.01099965804171891,0.00467342984155933,0.004274478513621338,17546
600035,2018,0.011127505225624001,0.007008483954260421,0.005533013648100332,16266
600035,2019,0.013240973456752283,0.006681787531416661,0.004904064243241586,16313
600035,2021,0.012463385216242606,0.004594796393084831,0.004192751708689909,17411
600035,2022,0.008354883628406605,0.0043100590146542,0.0041774418142033025,15081
600035,2023,0.010574112085588108,0.003732039559619332,0.0038564408782733096,16077
600036,2014,0.02047472368182642,0.010871534698314912,0.007428882043848523,11038
600036,2015,0.01982641252552757,0.011402314499659632,0.007062627637848877,11752
600036,2016,0.022486179590617064,0.012923950395936053,0.006499327655759749,13386
600036,2017,0.023097338784879132,0.011979054587188868,0.00674270138440571,13941
600036,2018,0.022704771962246715,0.012078410665962642,0.007656260312850637,15151
600036,2019,0.022490945203878957,0.015480780465007594,0.010164738871363477,17118
600036,2020,0.021014767133661492,0.01419916698220371,0.008077748327653667,15846
600036,2021,0.02083686261223107,0.014004178666214919,0.009147890902930713,17709
600036,2022,0.02645968198101942,0.016906542643454214,0.010118785745710514,15911
600036,2023,0.022237238159592113,0.018490079243196757,0.010995761410406044,16279
600037,2014,0.012423873325213155,0.00341047503045067,0.00535931790499391,12315
600037,2016,0.013963550544119576,0.002884489314278222,0.0036056116428477775,15254
600037,2017,0.011397388961801478,0.003039303723147061,0.004420805415486634,14477
600037,2018,0.012790212706798277,0.0038231614069233976,0.004587793688308077,14386
600037,2019,0.010591167105080991,0.003391942406202409,0.0046379620656237025,14446
600037,2020,0.008843865573243287,0.003778742563113041,0.004180736452805918,12438
600037,2021,0.009816927566993898,0.003006986822322455,0.003183868400106129,11307
600037,2022,0.010645904504647653,0.0030984348931437197,0.004210693572733773,12587
600037,2023,0.01062599392800347,0.0031805696111030794,0.0032528552840826947,13834
600038,2014,0.010312405216863815,0.003639672429481347,0.006824385805277525,13188
600038,2015,0.010908209437621202,0.0046864899806076275,0.005009696186166775,12376
600038,2016,0.01037394451145959,0.00731805388017692,0.005870526739043024,12435
600038,2017,0.012864034304091478,0.006074682865820975,0.007146685724495266,11194
600038,2018,0.011687547296729169,0.00630623055578912,0.006726645926175061,11893
600038,2019,0.011210117849956885,0.0053176200057487785,0.006108077033630354,13916
600038,2021,0.012520593080724876,0.005766062602965404,0.005930807248764415,18210
600038,2022,0.009430583741196132,0.007520592097409574,0.005789662170228005,16754
600038,2023,0.01060905892700088,0.005661829375549692,0.005112137203166227,18192
600039,2014,0.00972640562248996,0.005271084337349397,0.005208333333333333,15936
600039,2015,0.005387161679755955,0.005127539430129162,0.005452067242162653,15407
600039,2016,0.006289308176100629,0.005399311736086389,0.0037973181440607573,16854
600039,2017,0.009090273407454025,0.00671281728550451,0.004894762604013705,14301
600039,2018,0.010177417136569935,0.0074267638564158986,0.004401045248246458,14542
600039,2019,0.012177263969171483,0.006242774566473989,0.0063198458574181115,12975
600039,2021,0.013348758565453412,0.0031147103319391295,0.006674379282726706,11237
600039,2022,0.014543587988707331,0.0036786722559671485,0.006416288818547352,11689
600039,2023,0.013221340799502256,0.007932804479701353,0.008788303002022088,12858
600048,2014,0.008610513158808416,0.0034719811124227485,0.0034025414901742933,14401
600048,2015,0.008268170747340084,0.0028201512626586335,0.002499679528265607,15602
600048,2016,0.007268762493185535,0.0029680780180507604,0.0026652129141680296,16509
600048,2017,0.007865033621517772,0.0024015369836695487,0.002761767531219981,16656
600048,2018,0.008038483448319514,0.0022786252294449017,0.002152034938920185,15799
600048,2021,0.006893244620272133,0.003716357969190194,0.0024575915602709345,16683
600048,2022,0.006007092711876673,0.005789968878917276,0.002533111384526308,13817
600048,2023,0.008070981880378428,0.004757068790421723,0.003581164145598375,18709
600050,2014,0.01588242266208368,0.0029038757852317175,0.004681758919047055,16874
600050,2015,0.017172464840858624,0.005625462620281273,0.0044411547002220575,13510
600050,2015,0.01548428895367671,0.005053449951409135,0.004016844833171364,15435
600050,2016,0.014207405750083902,0.004474773464593355,0.003971361449826603,17878
600050,2016,0.020602085435586948,0.007231752438614195,0.00479313824419778,11892
600050,2017,0.01731574670250672,0.0037507032568606614,0.0045633556291804715,15997
600050,2017,0.022119080426426862,0.004423816085285372,0.00543911813764595,13789
600050,2018,0.017972893341190337,0.0035356511490866236,0.004242781378903948,16970
600050,2018,0.026094212243040277,0.004627171357050747,0.005082302965940985,13183
600050,2019,0.01812614819350888,0.004286589099816289,0.004164115125535823,16330
600050,2020,0.018478554086862692,0.00370919881305638,0.004585918532506069,14828
600050,2021,0.01738116686980022,0.0024376026707646653,0.0033914471941073605,18871
600050,2022,0.014922269016794052,0.0025996984349815422,0.0037955597150730516,19233
600050,2023,0.01605099891854972,0.0025044111787808072,0.004098127383459503,17569
600051,2014,0.009848204368752314,0.006219918548685672,0.006664198445020363,13505
600051,2015,0.010403600678816498,0.008780343835313216,0.006493027374013134,13553
600051,2016,0.013559994708294748,0.005754729461568991,0.006085461039820082,15118
600051,2017,0.0166996699669967,0.005940594059405941,0.004884488448844884,15150
600051,2018,0.01370880605078336,0.009116693679092382,0.0056050783360345755,14808
600051,2019,0.014869381351885955,0.006479776277198008,0.005661278221130892,14661
600051,2021,0.011443723396832042,0.0090712441560254,0.004884516084013676,14331
600051,2022,0.01309621251581219,0.009747749088473845,0.00513431058858546,13439
600051,2023,0.013064896123366887,0.008852716498893411,0.0049261083743842365,14007
600052,2014,0.008374541394161748,0.0035093316318392086,0.0061413303557186156,12538
600052,2015,0.007234007965536861,0.003820206453710477,0.00666504104689913,12303
600052,2016,0.008039027071595437,0.0037790298199807614,0.005496770647244744,14554
600052,2017,0.006802721088435374,0.004271476032273375,0.005932605600379687,12642
600052,2018,0.006834750911300122,0.004480558930741191,0.0059993924665856626,13168
600052,2019,0.004934452791280012,0.004271615849167771,0.006333775224628075,13578
600052,2020,0.004636906633134235,0.005029864822382898,0.006208739390128891,12724
600052,2021,0.004779543553590632,0.0038236348428725055,0.006332895208507588,16738
600052,2022,0.004557538928978352,0.003354855044942398,0.0060767185719711354,15798
600052,2023,0.00603448275862069,0.0045402298850574715,0.005229885057471264,17400
600053,2015,0.009868421052631578,0.0041279669762641896,0.005159958720330237,15504
600053,2016,0.012160709486697124,0.004837409298575652,0.005643644181671593,14884
600053,2017,0.00979673442185938,0.007130956347884038,0.006531156281239587,15005
600053,2017,0.0065002759551113015,0.002268964248482247,0.0033114613356227387,16307
600053,2018,0.007089456045372518,0.0024490848156741426,0.003351379221448827,15516
600053,2019,0.006537746885967931,0.002821553919207212,0.0037161929667607185,14531
600053,2021,0.010547320410490307,0.006727480045610034,0.007012542759407069,17540
600053,2022,0.011258429534803977,0.006572179677677449,0.006800777231683621,17498
600053,2023,0.010114482605312882,0.009336445481827277,0.007169056352117373,17994
600054,2014,0.010740072202166065,0.005144404332129964,0.007310469314079422,11080
600054,2016,0.009716056621157551,0.0044392327665633636,0.006784487813049669,11939
600054,2017,0.010022191996563819,0.004939508912592168,0.006872360226215191,13969
600054,2018,0.009949238578680204,0.004399323181049069,0.006294416243654823,14775
600054,2019,0.01231014208721215,0.005328270455658991,0.006491915727584518,16328
600054,2021,0.010989564954378183,0.0029742400564601503,0.00383122447950799,19837
600054,2022,0.01042198835189537,0.005977316848881169,0.004955553284969858,19574
600054,2023,0.011554566173742514,0.0033921662161445912,0.0049292415328351085,18867
600055,2016,0.012445928511800866,0.0027320330879562877,0.0053881763679137894,13177
600055,2017,0.010606536769327468,0.0018856065367693275,0.005971087366436203,12728
600055,2018,0.010968786808009423,0.0014723203769140165,0.004858657243816254,13584
600055,2019,0.007848706832112423,0.0023919868440723576,0.005830467932426372,13378
600055,2021,0.008786268900694729,0.0037460836398310856,0.0046315215910638875,14682
600055,2022,0.01035311517840636,0.00345103839280212,0.005546311702717693,16227
600055,2023,0.01191886805603959,0.0037638530703282915,0.0047396668293022935,14347
600056,2014,0.012685402029664325,0.00312256049960968,0.004748894093156388,15372
600056,2015,0.01926961078661499,0.005240460723838637,0.0037665811452590207,18319
600056,2016,0.018545093277403685,0.004581079589358649,0.0034772049895131912,18118
600056,2017,0.018644635480629675,0.0038517360723456513,0.0037400915485095456,17914
600056,2018,0.01622259364860879,0.004817618719889883,0.0044243437223478515,20342
600056,2019,0.018550212554518854,0.005244851763926462,0.003257328990228013,18113
600056,2021,0.013756960366852276,0.006387160170324271,0.003875968992248062,18318
600056,2022,0.01758703789160642,0.003845562221196739,0.0044608521765882175,19503
600056,2023,0.013057904313389703,0.004495344107888258,0.004281280102750722,18686
600057,2018,0.0139196675900277,0.004847645429362881,0.0064404432132963985,14440
600057,2019,0.013546497437149134,0.005491823285330729,0.005430803026604833,16388
600057,2021,0.01642025382703127,0.00588774041606699,0.00575690174015439,15286
600057,2022,0.01676740105283681,0.006109053096770001,0.006693962435822448,15387
600057,2023,0.013285179930349542,0.008964271894750419,0.0077389397652521605,15506
600058,2014,0.01032814747025755,0.0079095306576023,0.007713426591711335,15298
600058,2015,0.008073344280240832,0.009989053092501369,0.007389162561576354,14616
600058,2016,0.008637176877043618,0.009007341600345487,0.007403294466037387,16209
600058,2017,0.008682709005209625,0.007442322004465393,0.006822128504093277,16124
600058,2018,0.009716968827442284,0.014281987739663493,0.0069779574801095605,15334
600058,2019,0.01069432502149613,0.009619518486672399,0.006502579535683577,18608
600058,2021,0.017097837626417835,0.008046041235961334,0.0075431636587137505,17897
600058,2022,0.013178935759580922,0.010201268265784396,0.0076647366969947615,18135
600058,2023,0.011841456060522998,0.01233485006304479,0.009210021380406776,18241
600059,2015,0.010956488886090297,0.005730117750771362,0.0062338643662237896,15881
600059,2016,0.014993697339613879,0.0040469714058249855,0.004644065547668015,15073
600059,2018,0.013942184701969814,0.0031977487848554617,0.003517523663341008,15636
600059,2019,0.013545100389571471,0.0026970332634102486,0.004015582858855259,16685
600059,2020,0.01333017358848273,0.003495467740979916,0.0033769773090822916,16879
600059,2022,0.012859542305269788,0.00304429981104346,0.002939323955490237,19052
600059,2023,0.013917884481558803,0.0022482736470210373,0.003051228520957122,18681
600060,2019,0.017609652698516224,0.0024457850970161423,0.0051361487037338985,12266
600060,2021,0.017722233989973874,0.0033185059662500884,0.004942455694415025,14163
600060,2022,0.016172703988291254,0.0027808269301134287,0.005561653860226857,13665
600060,2023,0.011385606874328678,0.002506265664160401,0.00644468313641246,13965
600061,2017,0.016091329165534112,0.008480565371024734,0.0065778744223973905,18395
600061,2019,0.01927241229969684,0.009527934170636639,0.009094846253789519,18472
600061,2020,0.01878580872631115,0.010136624063464082,0.009420449537241075,18152
600061,2021,0.02236198462613557,0.009983028850953379,0.010032943995208146,20034
600061,2022,0.019383431549213462,0.012808649491063166,0.011104076364876054,20533
600062,2014,0.012198888202594195,0.0054817788758492894,0.007334774552192711,12952
600062,2015,0.012528548123980424,0.004632952691680261,0.004437194127243067,15325
600062,2017,0.019813040155211948,0.00405667587747663,0.003351167029219825,17009
600062,2019,0.01992332713754647,0.003891728624535316,0.003891728624535316,17216
600062,2020,0.021154666829238555,0.00554776565262452,0.004206547582759251,16403
600062,2021,0.017572062084257205,0.00376940133037694,0.0033259423503325942,18040
600062,2023,0.016906304313477644,0.0047927529362195185,0.004898088165586981,18987
600063,2014,0.01131981589749969,0.002239084463241697,0.005162333623585023,16078
600063,2015,0.011760404606666261,0.005849734933885809,0.004509170678203644,16411
600063,2016,0.01146523614179026,0.005154096981171768,0.003786683496371095,19014
600063,2017,0.013908473272657351,0.007370849891039611,0.004486604281502372,15602
600063,2018,0.011512116502619007,0.004892649513613078,0.004777528348586887,17373
600063,2019,0.013164981150140627,0.00520615163664652,0.00520615163664652,16711
600063,2020,0.012684124386252046,0.004961129296235679,0.003835924713584288,19552
600063,2021,0.01381509032943677,0.0036039366076791573,0.004297001339925149,21643
600063,2022,0.015596745027124773,0.005368444846292947,0.005085895117540687,17696
600063,2023,0.012275449101796407,0.006337325349301397,0.005089820359281437,20040
600064,2014,0.0123713123972662,0.003373994290163509,0.005363785794618912,11559
600064,2015,0.016062010548186033,0.005833466517500399,0.005673645517020936,12514
600064,2016,0.014499837080482242,0.00635386119257087,0.006679700228087325,12276
600064,2017,0.01614500038077831,0.008300967176909603,0.00731094356865433,13131
600064,2018,0.017123287671232876,0.008760751831793565,0.009716470213443773,12556
600064,2019,0.01916736947021391,0.007973625699608985,0.00843364256689412,13043
600064,2020,0.017334686284457973,0.00845594452900389,0.00845594452900389,11826
600064,2021,0.01881720430107527,0.006325110689437065,0.007827324478178369,12648
600064,2022,0.015643105446118192,0.008442310875682833,0.009104452905148155,12082
600064,2023,0.015297271723702885,0.008437155022867055,0.00930452609998423,12682
600066,2014,0.011042160978280709,0.004745391494798321,0.009582040518342763,10958
600066,2015,0.010481839603477696,0.00268140082879662,0.007394165921833103,12307
600066,2016,0.01257126151147493,0.005408565999122935,0.006285630755737465,13682
600066,2017,0.012402788951461519,0.004692947170823277,0.006436041834271922,14916
600066,2018,0.012263511431564676,0.004745177790102915,0.006162568558575214,16227
600066,2019,0.01221530909298476,0.004623551572578343,0.00576516924481991,17519
600066,2021,0.012553982123129456,0.003565330922968766,0.00532288842020689,19914
600066,2022,0.013712782943552174,0.0046022353714661405,0.005118812811120504,21294
600066,2023,0.01589722260732936,0.004112944221082305,0.004528859928832201,21639
600067,2014,0.013025458851391355,0.005550621669626998,0.007252812314979278,13512
600067,2015,0.010202720725526807,0.006201653774339824,0.006935182715390771,14996
600067,2016,0.012401588518079844,0.00501637288371769,0.0058524350310039715,14353
600067,2017,0.013488531324888737,0.005135227661759671,0.005819924683327628,14605
600067,2018,0.012408088235294117,0.005317752100840336,0.00584296218487395,15232
600067,2019,0.01129874117285846,0.007552962849247774,0.00644765121277249,16285
600067,2022,0.010464355788096796,0.007325049051667757,0.006278613472858077,15290
600067,2023,0.010317255610007738,0.007415527469693061,0.005867939128191901,15508
600071,2014,0.00949367088607595,0.008395763368638594,0.006458279514337381,15484
600071,2016,0.011947923533289388,0.008487145682267633,0.0065919578114700065,12136
600071,2017,0.013884506153360681,0.004970022088987062,0.00623224992111076,12676
600071,2018,0.010734504815822365,0.006617160502904198,0.005955444452613779,13601
600071,2019,0.009632410227353212,0.005241164388412777,0.005453644025780862,14119
600071,2021,0.009525840619890523,0.004336390132935238,0.006682306106490368,14067
600071,2022,0.012188452222829908,0.00523478396749746,0.0070317993593249474,12799
600071,2023,0.009232090460173191,0.005510627639018106,0.007156659271452086,13973
600072,2016,0.009007779445885083,0.005663982530367135,0.0036167599290296165,14654
600072,2018,0.011780395643476329,0.005001111358079573,0.0036119137586130253,17996
600072,2020,0.008708025042686397,0.005406943653955606,0.0042686397268070575,17570
600072,2021,0.010505542979859539,0.005862209066109467,0.004991583957281328,17229
600072,2022,0.009145486169556192,0.006340122313864108,0.0047130112775627,17823
600073,2014,0.009917823746103713,0.00460470388211958,0.005950694247662227,14116
600073,2015,0.010819165378670788,0.005151983513652756,0.00592478104070067,11646
600073,2016,0.010102592215521967,0.0047771947685801555,0.005560341451953951,12769
600073,2017,0.007102053419793114,0.004631773969430292,0.007333642118264629,12954
600073,2018,0.008601004719135332,0.004262444816562643,0.004490790074592784,13138
600073,2019,0.0126723816623183,0.0066343645173313455,0.005143496086470369,13415
600073,2021,0.016043755697356426,0.007900334244910361,0.0040109389243391065,16455
600073,2022,0.015414610369828795,0.006214585998903308,0.004630475842320112,16413
600073,2023,0.017364921567361694,0.00903750564844103,0.0062617003421341424,15491
600075,2015,0.012612291034564816,0.004283419596644655,0.0033910405140103518,16809
600075,2016,0.017007534983853607,0.003928955866523143,0.003444564047362756,18580
600075,2017,0.018122899663946233,0.0041406625060009606,0.002640422467594815,16664
600075,2018,0.015608919382504288,0.005031446540880503,0.003373356203544883,17490
600075,2019,0.017176713594607818,0.00663151600804479,0.0035875414469750504,18397
600075,2021,0.01646825396825397,0.004613095238095238,0.0033234126984126983,20160
600075,2022,0.015602246723528189,0.005876846265862284,0.0037965467027251923,19228
600075,2023,0.014953557211391242,0.006889864244156375,0.004440134735122996,19594
600076,2015,0.008579668348954577,0.0036770007209805337,0.004470079307858687,13870
600076,2016,0.01096564099155978,0.0043862563966239115,0.004984382268890809,15047
600076,2017,0.011945752231044902,0.0037242639308551753,0.004075609584709437,14231
600076,2018,0.009931582432134187,0.003972632972853675,0.0045611711910542195,13593
600076,2019,0.00834597875569044,0.0048052604957005566,0.0048052604957005566,15816
600076,2021,0.009981851179673321,0.0018148820326678765,0.0018148820326678765,1102
600076,2022,0.00945969473623121,0.006383843073530265,0.003830305844118159,17231
600076,2023,0.011203961621788919,0.006623336428350356,0.004766326214794181,16155
600077,2020,0.008742746615087041,0.0033268858800773694,0.0049516441005802705,12925
600077,2021,0.007463584928373661,0.004092933670398459,0.00619959070663296,16614
600077,2022,0.006796941376380629,0.005751258087706686,0.006143389320959414,15301
600078,2014,0.009796203970961252,0.004723169771713461,0.007172220764453775,11433
600078,2016,0.00953320184089415,0.003616042077580539,0.004848783694937541,12168
600078,2016,0.00953320184089415,0.003616042077580539,0.004848783694937541,12168
600078,2020,0.006955351133049136,0.0065814075237454195,0.004786478199087577,13371
600078,2021,0.009737678855325914,0.0043720190779014305,0.0036433492315845256,15096
600078,2022,0.009495152123035774,0.0029421598127716483,0.0029421598127716483,14955
600078,2023,0.010529537802265076,0.004652586470768289,0.0036730945821854912,16335
600079,2014,0.01264603155485969,0.004335782247380465,0.006443454173190413,16606
600079,2015,0.01786906290115533,0.00503209242618742,0.004672657252888318,19475
600079,2016,0.0181265770637005,0.004583140223492456,0.004480148308357794,19419
600079,2017,0.018601464931232544,0.004110238710017389,0.004531801654634558,18977
600079,2019,0.015030796180143528,0.005424648245465333,0.004181499689212861,17697
600079,2021,0.019995210727969347,0.005747126436781609,0.004968869731800767,16704
600079,2023,0.018742442563482467,0.006408706166868198,0.006045949214026602,16540
600080,2021,0.014069325466613717,0.00629715776933114,0.004425029783854314,17627
600080,2021,0.014375459844926141,0.006282189144829928,0.004414511290961571,17669
600080,2023,0.016114019778941245,0.005584642233856894,0.004595695171611402,17190
600081,2014,0.0143049478290138,0.0037866038370918884,0.004628071356445641,11884
600081,2015,0.010949164592961252,0.00810522573764664,0.004265908282971916,14065
600081,2016,0.015652687536916714,0.006497341996455995,0.004430005906674543,13544
600081,2017,0.01563011456628478,0.005073649754500818,0.0036824877250409165,12220
600081,2018,0.007783222830786971,0.00403574517151917,0.004227923513020083,10407
600081,2019,0.009214956583377636,0.009126351231614389,0.007620060251639199,11286
600081,2020,0.00980392156862745,0.009373925008599931,0.005417956656346749,11628
600081,2021,0.007729192013168253,0.0069419594933085235,0.00415086237744221,13973
600081,2022,0.007914338919925512,0.007681564245810056,0.00473308504034761,12888
600081,2023,0.009077155824508321,0.00529500756429652,0.005370650529500757,13220
600082,2014,0.011573181081706659,0.006480981405755729,0.005169354216495641,12961
600082,2015,0.015506595565534662,0.006174571989896155,0.004280101038450744,14252
600082,2016,0.011693207169782291,0.005769674590353104,0.004538810677744442,12999
600082,2017,0.01104374187960156,0.00440306048794572,0.00563014291901256,13854
600082,2018,0.012333139872315728,0.004207777132907719,0.0057312826465467205,13784
600082,2019,0.009160630592245419,0.004757846896747621,0.005681011219997159,14082
600082,2021,0.011881668283220174,0.005496281926931782,0.004688005172971225,12372
600082,2022,0.013564716580782055,0.005683540466808123,0.004471051833889057,13196
600082,2023,0.014267641270733765,0.004849592353106551,0.003584481304470059,14228
600083,2021,0.017436791630340016,0.005176547515257193,0.00768308631211857,18352
600084,2019,0.010833653476757587,0.008528620822128314,0.004610065309258548,13015
600084,2021,0.012229787796654987,0.005024129040787995,0.006015733456732994,15127
600084,2023,0.011761289385799333,0.00617104689995644,0.005445041382314506,13774
600085,2014,0.012682349848863189,0.003219871205151794,0.005979760809567618,15218
600085,2016,0.01325184557666707,0.0033280890717657025,0.0034491104925571826,16526
600085,2017,0.01094391244870041,0.0031349749202006384,0.00450296397628819,17544
600085,2018,0.011057204106961526,0.003441272706758434,0.003666929933431118,17726
600085,2020,0.010726474890297415,0.00520071509832602,0.004279755132997454,18459
600085,2021,0.013712660028449503,0.003584637268847795,0.004039829302987198,17575
600085,2022,0.013640563012879735,0.00423890005977936,0.004619314167708276,18401
600085,2023,0.012840513620544822,0.004860194407776311,0.004440177607104284,16666
600088,2014,0.007704813741429279,0.0077755001060295465,0.004877359157418534,14147
600088,2015,0.010074341693878969,0.007712082262210797,0.005349822830542625,14393
600088,2016,0.010530827159737953,0.005755219494275393,0.00446947896895855,16333
600088,2017,0.011624423272814429,0.004014620408652406,0.003774941578285098,16689
600088,2018,0.01131567679980427,0.0037311150529084347,0.004648602361000673,16349
600088,2019,0.009514101257220523,0.004700419073507759,0.004077471967380225,17658
600088,2020,0.009079343048808697,0.007402266944251677,0.0038746241036317374,17292
600088,2021,0.011637704054765666,0.0033175355450236967,0.004949973670352817,18990
600088,2022,0.009753622371314202,0.006596380447651802,0.0041720696848396,17737
600088,2023,0.011972533599389636,0.005164622336991607,0.004401666764481484,17039
600089,2014,0.01374251749430908,0.005817384706179918,0.0052272152432341285,11861
600089,2015,0.01779764323445754,0.00617635107679805,0.00601381552214547,12305
600089,2017,0.015410308965307826,0.007743110908676839,0.003416078342063311,13173
600089,2018,0.018815216498233506,0.00813408922849396,0.004683263495193493,12171
600089,2019,0.02018947041466066,0.006600403789408293,0.004193197701506445,12878
600089,2020,0.024529780564263325,0.0072884012539184955,0.004858934169278997,12760
600089,2021,0.026017068522661363,0.0040599884000331425,0.003231419338801889,12069
600089,2022,0.02027027027027027,0.0030405405405405407,0.0029560810810810812,11840
600089,2023,0.01657989587505006,0.009851822186623949,0.006087304765718862,12485
